time,temperature_2m_max (°C),temperature_2m_min (°C),rain_sum (mm),precipitation_sum (mm),precipitation_hours (h),sunshine_duration (s),weather_code (wmo code),wind_direction_10m_dominant (°),relative_humidity_2m_mean (%),wind_speed_10m_max (km/h)
2023-01-01,18.1,7.4,0.00,0.00,0.0,35237.45,3,280,80,7.8
2023-01-02,17.8,6.4,0.00,0.00,0.0,36000.00,3,332,81,6.9
2023-01-03,16.5,5.6,0.00,0.00,0.0,26572.93,3,307,88,10.2
2023-01-04,16.5,4.9,0.00,0.00,0.0,35205.07,3,310,89,11.5
2023-01-05,15.4,4.6,0.00,0.00,0.0,21971.06,3,305,90,9.2
2023-01-06,13.9,4.0,0.00,0.00,0.0,25467.27,3,307,89,9.2
2023-01-07,15.0,3.5,0.00,0.00,0.0,25484.73,3,289,89,12.3
2023-01-08,17.0,5.6,0.00,0.00,0.0,26169.61,3,287,89,14.0
2023-01-09,17.0,6.0,0.00,0.00,0.0,17185.12,3,301,91,8.3
2023-01-10,18.2,7.2,0.00,0.00,0.0,21792.13,3,289,91,14.5
2023-01-11,19.2,7.4,0.00,0.00,0.0,26922.59,3,92,86,14.8
2023-01-12,20.2,9.8,0.00,0.00,0.0,34661.09,2,131,83,14.7
2023-01-13,18.0,10.6,14.30,14.30,8.0,34775.21,63,67,89,18.6
2023-01-14,17.0,5.9,0.00,0.00,0.0,33885.64,3,295,76,17.1
2023-01-15,15.2,3.7,0.00,0.00,0.0,36000.00,1,293,68,16.0
2023-01-16,15.4,3.2,0.00,0.00,0.0,36000.00,0,298,70,12.8
2023-01-17,16.3,3.0,0.00,0.00,0.0,36000.00,3,298,69,14.4
2023-01-18,16.5,3.2,0.00,0.00,0.0,36000.00,3,300,68,9.7
2023-01-19,18.0,7.8,0.00,0.00,0.0,34701.14,3,350,69,15.1
2023-01-20,19.7,8.0,0.00,0.00,0.0,36000.00,3,348,75,13.8
2023-01-21,20.3,7.0,0.00,0.00,0.0,36000.00,0,341,80,12.3
2023-01-22,21.5,8.2,0.00,0.00,0.0,35798.20,3,13,71,10.0
2023-01-23,22.7,8.5,4.70,4.70,3.0,35659.71,63,38,68,8.0
2023-01-24,20.9,12.9,2.20,2.20,11.0,26958.19,51,137,85,24.2
2023-01-25,21.0,11.9,0.20,0.20,2.0,35844.01,51,299,85,10.8
2023-01-26,18.8,7.5,0.00,0.00,0.0,28800.00,3,304,79,16.4
2023-01-27,18.5,6.8,0.00,0.00,0.0,36000.00,0,294,70,17.4
2023-01-28,20.5,6.0,0.00,0.00,0.0,36000.00,3,285,73,13.7
2023-01-29,16.4,7.7,15.90,15.90,10.0,3083.75,63,116,86,17.1
2023-01-30,16.4,9.4,13.00,13.00,5.0,5223.01,65,107,88,14.9
2023-01-31,20.5,9.8,0.00,0.00,0.0,35658.11,3,296,83,20.5
2023-02-01,20.1,9.1,0.00,0.00,0.0,36000.00,0,290,74,19.6
2023-02-02,21.6,8.9,0.00,0.00,0.0,36000.00,0,288,70,18.8
2023-02-03,22.4,9.1,0.00,0.00,0.0,36000.00,0,282,70,14.5
2023-02-04,22.8,9.9,0.00,0.00,0.0,36000.00,0,284,69,18.2
2023-02-05,23.3,10.4,0.00,0.00,0.0,36000.00,0,262,63,14.4
2023-02-06,25.2,10.5,0.50,0.50,1.0,36000.00,53,159,74,10.2
2023-02-07,23.5,9.7,0.00,0.00,0.0,36000.00,0,297,67,18.3
2023-02-08,22.8,9.6,0.00,0.00,0.0,36000.00,3,291,63,16.3
2023-02-09,26.0,9.3,0.00,0.00,0.0,36000.00,2,171,67,15.8
2023-02-10,25.7,12.8,0.00,0.00,0.0,36000.00,2,134,69,11.8
2023-02-11,26.1,11.0,0.00,0.00,0.0,36072.61,0,319,62,16.9
2023-02-12,22.4,9.8,0.00,0.00,0.0,36321.16,0,300,44,24.7
2023-02-13,21.5,9.4,0.00,0.00,0.0,36295.83,0,290,37,28.5
2023-02-14,23.9,10.0,0.00,0.00,0.0,36270.66,1,296,51,17.8
2023-02-15,26.2,11.9,0.00,0.00,0.0,36245.71,1,294,59,21.3
2023-02-16,26.4,11.2,0.00,0.00,0.0,36220.93,3,324,72,8.9
2023-02-17,26.9,12.8,0.00,0.00,0.0,36467.55,3,336,77,10.2
2023-02-18,26.5,12.6,0.00,0.00,0.0,36442.78,3,291,75,8.7
2023-02-19,28.3,13.9,0.00,0.00,0.0,36000.00,3,118,70,11.1
2023-02-20,31.0,15.1,0.00,0.00,0.0,36000.00,3,151,58,13.4
2023-02-21,29.5,13.9,0.00,0.00,0.0,36908.76,3,292,61,14.1
2023-02-22,28.6,13.8,0.00,0.00,0.0,36884.19,3,327,58,14.3
2023-02-23,28.0,13.0,0.00,0.00,0.0,37201.52,3,288,51,19.6
2023-02-24,28.3,12.1,0.00,0.00,0.0,37146.94,3,282,51,15.1
2023-02-25,28.5,12.9,0.00,0.00,0.0,36824.74,1,294,55,10.0
2023-02-26,29.9,14.4,0.00,0.00,0.0,37056.44,1,294,52,13.3
2023-02-27,30.3,15.3,0.00,0.00,0.0,36766.02,3,310,49,15.8
2023-02-28,29.4,14.6,0.00,0.00,0.0,36663.35,3,359,50,17.9
2023-03-01,30.0,15.9,0.00,0.00,0.0,35318.28,3,16,49,14.6
2023-03-02,30.2,15.9,0.00,0.00,0.0,36554.99,1,304,54,15.4
2023-03-03,31.0,16.9,0.00,0.00,0.0,37297.97,2,300,54,19.1
2023-03-04,30.4,16.2,0.00,0.00,0.0,33775.95,3,307,57,17.4
2023-03-05,30.1,15.6,0.00,0.00,0.0,38247.43,2,305,49,21.1
2023-03-06,29.1,15.3,0.00,0.00,0.0,38985.43,3,294,50,18.6
2023-03-07,29.0,15.1,0.00,0.00,0.0,38180.70,3,288,49,13.9
2023-03-08,28.2,15.2,0.40,0.40,1.0,35452.04,51,271,57,14.8
2023-03-09,28.5,15.5,0.00,0.00,0.0,37757.56,1,253,59,14.5
2023-03-10,29.8,15.9,0.00,0.00,0.0,39549.47,0,288,53,15.2
2023-03-11,30.3,16.8,0.00,0.00,0.0,40283.70,0,288,51,13.5
2023-03-12,32.0,17.4,0.00,0.00,0.0,40490.28,3,312,46,11.0
2023-03-13,32.3,17.4,0.00,0.00,0.0,36658.21,3,307,50,18.7
2023-03-14,32.0,17.5,0.00,0.00,0.0,41167.02,1,293,46,21.8
2023-03-15,32.6,18.4,0.00,0.00,0.0,39795.54,3,334,41,19.7
2023-03-16,32.4,19.5,0.20,0.20,2.0,32212.34,51,190,45,16.2
2023-03-17,29.1,18.5,0.70,0.70,1.0,33377.61,53,106,59,14.8
2023-03-18,26.5,16.1,0.70,0.70,2.0,36381.11,51,55,79,25.3
2023-03-19,25.2,16.6,0.50,0.50,3.0,38003.70,51,137,83,12.2
2023-03-20,23.5,15.1,24.70,24.70,17.0,25312.12,65,88,86,18.4
2023-03-21,23.0,14.5,4.20,4.20,4.0,31695.14,63,55,84,10.0
2023-03-22,26.1,14.5,0.00,0.00,0.0,39773.70,3,288,76,9.8
2023-03-23,28.0,15.4,0.00,0.00,0.0,42750.36,3,294,62,15.2
2023-03-24,27.1,17.0,18.50,18.50,8.0,37013.66,65,98,76,19.9
2023-03-25,26.3,16.4,1.20,1.20,5.0,42164.00,53,85,77,19.7
2023-03-26,27.5,15.1,0.00,0.00,0.0,42984.35,1,323,63,14.7
2023-03-27,26.6,15.6,0.00,0.00,0.0,42896.50,3,299,67,17.9
2023-03-28,28.4,15.9,0.00,0.00,0.0,42334.75,3,316,63,17.7
2023-03-29,31.1,17.5,0.20,0.20,1.0,35379.38,51,140,57,12.2
2023-03-30,30.8,17.6,15.20,15.20,12.0,29296.37,63,335,75,18.4
2023-03-31,23.8,15.9,3.20,3.20,10.0,36763.10,55,118,84,16.6
2023-04-01,25.3,16.1,1.20,1.20,5.0,40904.46,53,51,80,11.6
2023-04-02,28.4,16.1,0.00,0.00,0.0,41772.14,2,300,71,17.3
2023-04-03,31.2,17.2,0.00,0.00,0.0,42366.06,2,10,63,17.5
2023-04-04,28.2,15.9,0.00,0.00,0.0,36978.34,3,325,64,16.9
2023-04-05,30.3,16.1,0.00,0.00,0.0,43200.00,0,316,49,16.2
2023-04-06,31.8,17.0,0.00,0.00,0.0,41921.79,2,321,42,16.8
2023-04-07,31.9,16.9,0.00,0.00,0.0,43200.00,0,305,34,16.5
2023-04-08,32.4,17.0,0.00,0.00,0.0,43200.00,0,283,30,17.3
2023-04-09,33.5,17.9,0.00,0.00,0.0,43200.00,0,296,28,16.6
2023-04-10,33.9,19.2,0.00,0.00,0.0,43126.29,3,290,28,16.9
2023-04-11,36.7,19.3,0.00,0.00,0.0,43057.41,3,298,25,24.9
2023-04-12,36.9,21.4,0.00,0.00,0.0,41115.35,3,274,30,23.2
2023-04-13,37.8,21.4,0.00,0.00,0.0,43115.38,3,288,27,19.6
2023-04-14,37.8,21.5,0.00,0.00,0.0,41362.44,3,281,27,17.0
2023-04-15,39.2,21.1,0.00,0.00,0.0,43171.46,3,235,23,14.9
2023-04-16,39.2,24.4,0.00,0.00,0.0,42558.27,3,272,28,18.2
2023-04-17,39.2,24.7,0.00,0.00,0.0,42683.12,1,262,24,15.5
2023-04-18,39.0,25.0,0.00,0.00,0.0,41196.42,3,282,24,23.2
2023-04-19,37.5,23.1,0.00,0.00,0.0,39066.50,3,309,41,22.2
2023-04-20,34.6,22.7,0.00,0.00,0.0,39355.16,3,238,43,15.8
2023-04-21,35.0,22.0,0.00,0.00,0.0,41773.93,3,35,32,17.7
2023-04-22,34.8,21.3,0.00,0.00,0.0,42242.96,3,355,24,15.0
2023-04-23,34.1,20.4,0.00,0.00,0.0,32915.04,3,17,31,21.2
2023-04-24,32.0,20.1,0.00,0.00,0.0,40841.59,3,123,36,16.6
2023-04-25,33.2,20.5,0.00,0.00,0.0,39785.50,3,101,37,16.5
2023-04-26,35.2,21.7,0.00,0.00,0.0,38687.19,3,138,31,12.1
2023-04-27,36.4,22.7,0.00,0.00,0.0,38185.28,3,69,32,17.9
2023-04-28,33.7,22.1,0.00,0.00,0.0,33070.94,3,265,40,14.2
2023-04-29,33.0,21.7,1.30,1.30,3.0,33715.34,53,293,53,17.1
2023-04-30,30.0,20.2,1.50,1.50,4.0,24717.30,53,30,66,20.6
2023-05-01,26.8,19.5,4.50,4.50,11.0,20573.34,55,94,83,12.6
2023-05-02,27.0,20.1,6.80,6.80,13.0,23419.56,63,97,83,18.3
2023-05-03,27.6,19.4,2.90,2.90,6.0,33013.03,53,80,83,13.7
2023-05-04,29.1,19.0,0.00,0.00,0.0,40712.23,2,98,74,7.5
2023-05-05,30.2,20.0,3.50,3.50,2.0,39457.02,61,281,64,28.0
2023-05-06,34.4,20.6,0.10,0.10,1.0,38911.45,51,276,56,26.7
2023-05-07,35.2,20.6,0.00,0.00,0.0,39600.00,2,128,47,19.0
2023-05-08,36.1,21.3,0.00,0.00,0.0,39860.26,2,125,44,20.1
2023-05-09,37.2,21.0,0.00,0.00,0.0,41693.84,0,326,28,22.7
2023-05-10,36.8,21.8,0.00,0.00,0.0,41659.16,1,298,22,23.5
2023-05-11,38.8,22.8,0.00,0.00,0.0,41561.89,3,280,22,16.1
2023-05-12,41.7,23.6,0.00,0.00,0.0,41451.85,3,190,25,16.7
2023-05-13,41.5,25.6,0.00,0.00,0.0,37403.07,3,102,25,23.4
2023-05-14,40.0,24.6,0.00,0.00,0.0,34125.25,3,331,30,29.9
2023-05-15,40.2,25.0,0.00,0.00,0.0,41224.29,2,296,25,16.2
2023-05-16,38.9,25.4,0.00,0.00,0.0,39927.15,3,271,27,24.2
2023-05-17,41.0,26.0,0.00,0.00,0.0,39432.02,3,255,31,20.6
2023-05-18,38.0,24.1,0.00,0.00,0.0,36320.10,3,327,40,21.6
2023-05-19,38.2,24.2,0.00,0.00,0.0,40564.14,0,296,36,22.7
2023-05-20,40.3,24.1,0.00,0.00,0.0,41487.79,0,283,28,26.2
2023-05-21,43.0,26.6,0.00,0.00,0.0,40544.76,3,279,21,22.4
2023-05-22,42.5,31.2,0.00,0.00,0.0,33338.64,3,280,20,30.2
2023-05-23,43.5,27.9,2.40,2.40,2.0,30573.95,61,277,36,29.4
2023-05-24,38.0,24.8,0.00,0.00,0.0,20501.94,3,134,56,16.9
2023-05-25,33.2,23.3,0.70,0.70,2.0,32695.73,51,246,64,20.2
2023-05-26,33.8,21.0,8.10,8.10,3.0,38300.83,63,102,60,32.4
2023-05-27,33.4,22.1,7.30,7.30,5.0,25200.00,63,118,67,29.4
2023-05-28,33.2,23.5,0.60,0.60,1.0,37766.46,53,109,72,14.8
2023-05-29,33.2,22.6,2.80,2.80,4.0,32698.96,61,76,73,20.7
2023-05-30,33.5,22.0,0.50,0.50,4.0,38384.96,51,289,71,17.7
2023-05-31,30.1,20.2,2.30,2.30,5.0,32497.69,61,282,78,21.6
2023-06-01,33.0,19.9,1.60,1.60,2.0,40468.36,55,311,67,15.8
2023-06-02,32.5,22.3,0.00,0.00,0.0,40167.30,3,335,60,14.7
2023-06-03,34.8,23.3,0.00,0.00,0.0,40574.55,3,305,54,11.8
2023-06-04,35.8,24.9,0.20,0.20,1.0,33965.78,51,287,57,12.7
2023-06-05,37.3,25.0,0.00,0.00,0.0,39151.00,2,287,47,20.1
2023-06-06,38.8,25.0,0.10,0.10,1.0,39462.81,51,293,42,18.6
2023-06-07,38.4,25.8,0.00,0.00,0.0,41523.76,1,313,34,22.2
2023-06-08,39.4,26.0,0.00,0.00,0.0,41154.76,1,310,34,22.1
2023-06-09,41.3,25.9,0.00,0.00,0.0,39657.43,1,278,35,21.9
2023-06-10,41.0,27.6,0.20,0.20,1.0,38331.29,51,278,42,22.0
2023-06-11,39.3,28.1,0.00,0.00,0.0,40786.16,0,289,46,22.1
2023-06-12,41.2,29.0,0.00,0.00,0.0,39124.29,1,288,43,27.6
2023-06-13,42.2,30.8,0.00,0.00,0.0,40555.42,1,284,33,30.8
2023-06-14,41.0,30.7,0.10,0.10,1.0,40164.68,51,282,38,30.4
2023-06-15,37.5,28.3,0.20,0.20,2.0,39715.16,51,296,48,31.2
2023-06-16,38.2,26.6,1.10,1.10,3.0,33917.58,53,271,53,28.6
2023-06-17,39.4,27.6,0.30,0.30,1.0,29442.88,51,238,54,15.5
2023-06-18,38.8,28.7,0.30,0.30,1.0,37035.84,51,152,59,23.4
2023-06-19,32.0,27.9,9.10,9.10,8.0,4403.75,61,16,72,13.8
2023-06-20,36.8,26.5,3.10,3.10,8.0,35162.39,61,205,68,20.6
2023-06-21,35.8,26.2,19.20,19.20,8.0,22893.06,63,184,77,18.2
2023-06-22,36.2,26.5,3.60,3.60,3.0,33983.95,63,168,74,17.4
2023-06-23,35.5,27.5,2.00,2.00,2.0,25693.75,61,118,80,15.9
2023-06-24,34.2,26.9,23.20,23.20,5.0,24742.84,65,95,79,15.2
2023-06-25,32.3,25.3,8.30,8.30,7.0,7311.68,63,81,88,10.5
2023-06-26,32.8,25.1,9.90,9.90,12.0,31012.29,63,85,84,8.2
2023-06-27,33.5,25.6,3.50,3.50,7.0,36941.09,61,97,83,18.6
2023-06-28,33.7,26.1,16.50,16.50,8.0,33752.05,65,91,83,15.2
2023-06-29,32.0,25.5,25.80,25.80,16.0,27400.35,63,78,84,16.7
2023-06-30,33.5,25.5,1.80,1.80,3.0,34691.83,55,64,82,12.6
2023-07-01,33.0,23.9,2.40,2.40,5.0,40210.37,53,74,81,20.5
2023-07-02,35.0,26.5,0.30,0.30,2.0,41469.40,51,61,74,10.2
2023-07-03,36.5,26.3,6.80,6.80,8.0,41778.64,63,93,75,18.9
2023-07-04,36.4,27.2,0.00,0.00,0.0,40897.92,3,111,75,17.4
2023-07-05,33.1,24.8,11.10,11.10,5.0,32879.02,65,77,82,19.3
2023-07-06,33.2,25.6,2.40,2.40,9.0,35327.98,53,94,78,13.4
2023-07-07,32.9,25.3,14.20,14.20,14.0,27593.60,63,102,84,18.4
2023-07-08,29.5,25.2,30.20,30.20,20.0,1567.20,65,108,91,21.0
2023-07-09,30.7,25.8,31.00,31.00,16.0,7417.83,65,123,91,18.9
2023-07-10,31.0,24.9,24.10,24.10,19.0,24004.99,65,58,89,15.1
2023-07-11,33.3,25.8,0.30,0.30,3.0,30943.78,51,67,85,10.9
2023-07-12,33.2,25.9,15.30,15.30,10.0,28800.00,63,96,86,12.7
2023-07-13,33.2,26.0,1.40,1.40,5.0,39994.57,53,102,83,15.7
2023-07-14,33.6,25.8,16.70,16.70,9.0,36158.41,65,182,83,14.9
2023-07-15,33.2,25.4,24.80,24.80,16.0,30089.06,63,159,85,20.9
2023-07-16,33.0,26.1,6.00,6.00,12.0,33949.96,61,87,85,11.2
2023-07-17,33.3,26.1,12.60,12.60,15.0,38659.59,63,139,85,14.2
2023-07-18,31.5,25.5,11.60,11.60,13.0,31252.04,63,117,87,16.2
2023-07-19,33.0,27.3,9.90,9.90,8.0,31800.37,65,112,86,13.2
2023-07-20,35.2,27.4,27.90,27.90,9.0,39301.60,65,40,80,11.5
2023-07-21,35.5,27.1,2.80,2.80,4.0,39094.55,61,114,76,18.2
2023-07-22,34.2,26.9,9.60,9.60,5.0,31852.15,63,89,77,20.6
2023-07-23,34.2,27.9,0.50,0.50,4.0,38429.43,51,97,77,21.4
2023-07-24,34.0,25.9,17.00,17.00,15.0,37859.11,65,100,81,15.5
2023-07-25,34.2,25.8,10.40,10.40,7.0,26868.64,63,121,83,14.7
2023-07-26,29.8,25.8,17.70,17.70,13.0,0.00,63,117,90,15.3
2023-07-27,31.9,27.0,8.40,8.40,10.0,29503.24,63,100,86,12.7
2023-07-28,32.7,25.8,21.70,21.70,23.0,25665.97,63,253,87,10.5
2023-07-29,31.4,24.9,4.10,4.10,13.0,34205.11,55,250,84,14.1
2023-07-30,33.3,25.5,1.30,1.30,10.0,39744.05,51,282,81,15.5
2023-07-31,33.7,25.5,0.70,0.70,5.0,39214.24,51,278,79,14.3
2023-08-01,34.7,27.3,0.10,0.10,1.0,42200.00,51,272,76,18.8
2023-08-02,34.9,26.7,2.40,2.40,8.0,33893.64,55,286,82,17.9
2023-08-03,34.0,26.1,14.30,14.30,12.0,39455.83,65,291,82,18.2
2023-08-04,31.8,26.6,8.70,8.70,16.0,18755.23,63,324,87,11.2
2023-08-05,33.5,27.4,5.10,5.10,8.0,29229.24,63,266,82,12.9
2023-08-06,34.8,26.3,3.00,3.00,2.0,42103.34,61,272,75,21.3
2023-08-07,34.0,26.5,0.20,0.20,2.0,42788.27,51,266,70,21.6
2023-08-08,34.2,26.9,0.00,0.00,0.0,41291.64,3,265,70,24.9
2023-08-09,34.5,26.9,0.00,0.00,0.0,36386.45,3,268,69,20.2
2023-08-10,34.1,27.2,0.40,0.40,1.0,36126.07,51,249,73,16.8
2023-08-11,34.5,27.5,0.70,0.70,3.0,41822.41,53,266,65,16.0
2023-08-12,35.8,27.5,0.00,0.00,0.0,40968.56,3,259,59,21.1
2023-08-13,35.6,27.0,0.50,0.50,4.0,39600.00,51,237,64,18.9
2023-08-14,33.7,25.9,0.20,0.20,1.0,26434.77,51,140,72,13.6
2023-08-15,34.8,26.2,0.00,0.00,0.0,36808.56,3,321,74,10.9
2023-08-16,36.3,26.1,0.00,0.00,0.0,42981.30,1,286,65,17.1
2023-08-17,36.7,28.2,0.00,0.00,0.0,40977.02,3,277,57,21.1
2023-08-18,36.7,27.8,0.20,0.20,2.0,40026.48,51,338,63,14.7
2023-08-19,34.5,26.6,7.30,7.30,6.0,37743.32,63,106,73,18.3
2023-08-20,36.5,28.1,0.20,0.20,2.0,42876.41,51,106,66,18.5
2023-08-21,36.9,27.9,2.10,2.10,6.0,40776.05,55,128,67,13.5
2023-08-22,35.3,26.8,16.80,16.80,12.0,31582.82,63,144,80,15.5
2023-08-23,29.9,25.0,14.20,14.20,15.0,0.00,63,156,88,19.9
2023-08-24,33.3,25.5,0.00,0.00,0.0,39904.57,3,261,70,18.0
2023-08-25,34.2,26.6,0.00,0.00,0.0,40509.21,3,263,65,17.0
2023-08-26,34.5,26.7,0.00,0.00,0.0,41182.35,2,265,62,18.4
2023-08-27,35.3,26.5,0.10,0.10,1.0,42043.56,51,268,57,23.5
2023-08-28,34.7,25.6,1.70,1.70,1.0,43200.00,61,262,65,23.0
2023-08-29,35.8,26.5,0.00,0.00,0.0,42247.95,1,282,56,20.0
2023-08-30,37.2,25.9,0.00,0.00,0.0,42894.78,1,294,57,15.8
2023-08-31,37.3,26.6,0.00,0.00,0.0,42676.88,1,302,57,15.3
2023-09-01,38.4,27.3,0.00,0.00,0.0,43012.20,1,287,49,20.4
2023-09-02,38.1,26.6,0.00,0.00,0.0,42543.73,0,291,51,24.8
2023-09-03,37.5,26.0,0.00,0.00,0.0,42898.77,0,286,51,22.9
2023-09-04,37.9,25.7,0.00,0.00,0.0,43058.52,0,325,53,19.1
2023-09-05,36.4,27.4,4.80,4.80,4.0,38728.86,63,59,64,14.6
2023-09-06,36.3,24.9,3.50,3.50,3.0,40536.45,63,155,60,26.4
2023-09-07,39.0,28.0,0.00,0.00,0.0,42160.55,3,103,57,10.5
2023-09-08,36.8,25.9,1.90,1.90,7.0,40795.58,53,101,68,20.9
2023-09-09,32.8,24.9,11.90,11.90,14.0,26573.78,63,70,79,25.3
2023-09-10,29.9,24.5,32.60,32.60,13.0,21484.68,65,68,89,18.3
2023-09-11,32.1,24.2,0.40,0.40,2.0,41108.36,51,77,81,21.2
2023-09-12,33.5,25.4,0.00,0.00,0.0,39999.51,3,135,79,8.8
2023-09-13,33.9,27.1,6.80,6.80,6.0,39748.77,63,89,81,12.4
2023-09-14,34.1,26.1,7.00,7.00,2.0,31563.10,63,93,82,15.0
2023-09-15,32.0,26.4,7.40,7.40,6.0,17335.94,61,47,88,14.2
2023-09-16,31.5,26.0,8.40,8.40,9.0,29457.89,61,82,84,23.8
2023-09-17,31.5,24.8,6.30,6.30,14.0,21409.01,63,96,87,22.7
2023-09-18,31.5,24.9,0.70,0.70,5.0,39945.73,51,123,81,22.9
2023-09-19,33.0,25.4,0.10,0.10,1.0,40505.52,51,119,78,11.0
2023-09-20,33.0,26.0,0.50,0.50,3.0,39847.62,51,29,77,10.5
2023-09-21,33.0,25.4,4.20,4.20,4.0,39562.11,63,246,83,20.5
2023-09-22,33.0,25.7,0.50,0.50,3.0,40090.57,51,66,81,10.0
2023-09-23,32.3,25.5,1.00,1.00,6.0,37161.07,51,134,84,13.8
2023-09-24,32.5,24.9,0.70,0.70,3.0,34498.45,53,314,82,17.5
2023-09-25,32.7,24.8,0.00,0.00,0.0,39676.75,1,13,78,12.1
2023-09-26,32.9,23.5,0.00,0.00,0.0,39600.00,2,348,74,11.9
2023-09-27,33.2,21.2,0.00,0.00,0.0,39750.05,0,316,68,14.2
2023-09-28,33.0,20.6,0.00,0.00,0.0,39786.54,3,324,65,13.1
2023-09-29,33.1,20.8,0.00,0.00,0.0,39600.00,0,328,66,10.2
2023-09-30,34.7,21.2,0.00,0.00,0.0,39600.00,1,331,60,17.4
2023-10-01,34.7,19.8,0.00,0.00,0.0,39632.29,3,335,55,19.7
2023-10-02,33.8,19.2,0.00,0.00,0.0,39600.00,0,330,45,20.6
2023-10-03,34.1,18.8,0.00,0.00,0.0,39600.00,0,305,50,23.7
2023-10-04,34.0,18.9,0.00,0.00,0.0,39600.00,0,309,56,21.3
2023-10-05,34.3,19.0,0.00,0.00,0.0,39600.00,0,300,53,17.1
2023-10-06,35.4,19.5,0.00,0.00,0.0,39600.00,0,298,56,13.2
2023-10-07,35.2,21.1,0.00,0.00,0.0,39600.00,0,294,64,14.3
2023-10-08,35.5,24.3,0.00,0.00,0.0,39600.00,0,278,61,15.1
2023-10-09,35.6,23.8,0.00,0.00,0.0,39600.00,0,250,55,16.9
2023-10-10,34.0,21.1,0.40,0.40,1.0,39600.00,51,304,60,14.4
2023-10-11,33.8,18.4,0.00,0.00,0.0,39600.00,0,306,57,15.9
2023-10-12,33.3,18.7,0.00,0.00,0.0,39600.00,0,315,57,15.0
2023-10-13,34.8,20.6,0.00,0.00,0.0,39600.00,0,322,57,13.4
2023-10-14,35.2,22.4,0.00,0.00,0.0,39501.46,1,295,55,16.1
2023-10-15,33.6,20.8,0.10,0.10,1.0,39398.98,51,348,58,14.0
2023-10-16,28.9,19.5,5.00,5.00,3.0,28749.18,63,90,66,22.9
2023-10-17,28.5,17.2,0.90,0.90,2.0,27727.61,53,358,74,9.1
2023-10-18,29.1,16.8,0.00,0.00,0.0,39183.72,0,306,63,14.5
2023-10-19,28.6,17.0,0.00,0.00,0.0,39543.69,0,313,65,13.4
2023-10-20,29.2,16.9,0.00,0.00,0.0,39400.25,0,316,66,9.7
2023-10-21,29.7,17.3,0.00,0.00,0.0,39251.38,2,351,62,10.8
2023-10-22,30.3,17.2,0.00,0.00,0.0,39088.80,2,351,64,12.2
2023-10-23,29.9,17.6,0.00,0.00,0.0,38844.55,0,313,63,11.8
2023-10-24,30.6,17.4,0.00,0.00,0.0,38872.07,0,313,61,11.2
2023-10-25,30.9,17.0,0.00,0.00,0.0,38899.93,0,311,61,15.5
2023-10-26,30.6,16.3,0.00,0.00,0.0,38928.19,0,297,57,13.5
2023-10-27,30.4,15.9,0.00,0.00,0.0,38956.91,3,303,54,9.5
2023-10-28,30.0,17.9,0.00,0.00,0.0,33913.16,3,288,59,8.0
2023-10-29,31.3,17.8,0.00,0.00,0.0,37916.38,1,78,64,7.3
2023-10-30,31.6,18.0,0.00,0.00,0.0,37632.77,2,40,68,9.8
2023-10-31,30.9,19.0,0.00,0.00,0.0,37048.36,3,83,69,8.8
2023-11-01,30.4,19.5,0.00,0.00,0.0,37684.08,0,19,67,9.3
2023-11-02,30.4,18.0,0.00,0.00,0.0,37068.23,1,314,69,8.7
2023-11-03,28.5,16.3,0.60,0.60,1.0,37213.15,53,302,70,16.6
2023-11-04,29.6,15.7,0.00,0.00,0.0,36548.64,3,305,68,16.2
2023-11-05,29.5,16.3,0.00,0.00,0.0,37488.68,0,321,61,12.6
2023-11-06,29.4,15.1,0.00,0.00,0.0,37525.34,1,36,66,9.1
2023-11-07,29.9,16.0,0.00,0.00,0.0,36487.64,0,322,67,9.2
2023-11-08,29.5,17.0,0.00,0.00,0.0,36263.17,1,300,69,10.7
2023-11-09,29.2,16.5,0.00,0.00,0.0,36038.32,1,291,67,10.5
2023-11-10,26.0,14.9,1.60,1.60,4.0,29411.11,55,55,80,25.1
2023-11-11,25.1,14.1,0.00,0.00,0.0,35016.72,0,319,76,11.8
2023-11-12,25.0,13.4,0.00,0.00,0.0,35349.71,0,294,76,11.6
2023-11-13,25.3,13.1,0.00,0.00,0.0,34546.89,3,334,74,8.2
2023-11-14,25.1,13.1,0.00,0.00,0.0,33131.79,3,300,73,8.9
2023-11-15,25.6,12.8,0.00,0.00,0.0,35214.16,0,297,74,10.2
2023-11-16,26.0,13.3,0.00,0.00,0.0,34689.88,0,17,72,6.4
2023-11-17,26.6,14.8,0.00,0.00,0.0,34164.59,1,36,74,8.3
2023-11-18,26.0,14.2,0.00,0.00,0.0,34209.23,2,206,73,9.4
2023-11-19,25.5,14.3,0.00,0.00,0.0,33712.55,0,125,65,10.8
2023-11-20,25.4,13.6,0.00,0.00,0.0,34016.79,0,306,73,9.9
2023-11-21,25.2,13.2,0.00,0.00,0.0,34052.46,1,289,69,16.7
2023-11-22,24.9,12.6,0.00,0.00,0.0,34383.37,0,280,69,14.2
2023-11-23,24.5,11.0,0.00,0.00,0.0,34134.49,0,112,73,8.2
2023-11-24,25.0,12.6,0.00,0.00,0.0,34074.76,2,313,73,8.2
2023-11-25,25.0,11.8,0.00,0.00,0.0,34087.21,3,289,70,7.6
2023-11-26,25.5,13.8,0.00,0.00,0.0,26376.17,3,102,71,11.2
2023-11-27,24.1,15.4,2.60,2.60,10.0,13419.86,53,121,78,23.8
2023-11-28,20.4,14.2,2.70,2.70,4.0,17312.90,55,52,88,9.4
2023-11-29,24.4,13.9,0.20,0.20,1.0,33541.73,51,97,80,8.5
2023-11-30,21.1,14.3,1.50,1.50,4.0,32204.12,53,22,86,14.8
2023-12-01,24.0,14.1,0.70,0.70,3.0,33183.46,53,338,82,9.3
2023-12-02,24.0,12.6,0.00,0.00,0.0,33559.70,0,345,79,8.8
2023-12-03,24.2,12.3,0.70,0.70,3.0,33563.77,53,0,75,7.6
2023-12-04,22.8,12.1,0.00,0.00,0.0,33271.35,1,334,74,11.5
2023-12-05,23.1,11.7,0.00,0.00,0.0,34160.53,0,310,74,12.9
2023-12-06,23.5,11.6,0.00,0.00,0.0,34162.15,0,304,78,10.0
2023-12-07,24.0,11.2,0.00,0.00,0.0,34162.64,0,287,78,11.0
2023-12-08,23.8,10.4,0.00,0.00,0.0,34162.05,0,294,76,13.2
2023-12-09,23.4,10.1,0.00,0.00,0.0,34457.78,1,292,71,13.5
2023-12-10,22.5,9.6,0.00,0.00,0.0,34455.43,3,283,70,18.0
2023-12-11,21.9,8.6,0.00,0.00,0.0,34452.02,0,49,70,9.2
2023-12-12,22.8,8.9,0.00,0.00,0.0,34149.25,0,73,72,9.3
2023-12-13,22.6,9.6,0.00,0.00,0.0,34442.19,3,322,70,10.6
2023-12-14,22.1,8.6,0.00,0.00,0.0,34136.95,3,283,73,16.5
2023-12-15,21.8,7.1,0.00,0.00,0.0,33531.10,3,313,71,8.1
2023-12-16,22.2,7.8,0.00,0.00,0.0,34719.68,3,316,69,12.6
2023-12-17,22.5,8.8,0.00,0.00,0.0,34710.79,0,311,70,12.8
2023-12-18,21.6,8.8,0.00,0.00,0.0,35000.71,0,291,66,20.6
2023-12-19,21.5,8.1,0.00,0.00,0.0,35290.16,3,281,69,17.2
2023-12-20,20.5,7.2,0.00,0.00,0.0,32400.00,3,293,75,12.0
2023-12-21,21.5,7.6,0.00,0.00,0.0,33023.24,3,303,77,13.0
2023-12-22,21.1,6.8,1.20,1.20,2.0,34353.25,55,325,78,10.0
2023-12-23,22.0,10.8,0.00,0.00,0.0,35240.25,3,94,74,8.9
2023-12-24,22.7,9.5,0.00,0.00,0.0,35526.04,2,311,78,9.5
2023-12-25,22.9,9.6,0.00,0.00,0.0,35510.28,3,288,80,9.8
2023-12-26,22.3,9.2,0.00,0.00,0.0,33250.06,3,322,77,7.6
2023-12-27,21.5,8.2,0.00,0.00,0.0,35775.36,1,309,82,9.1
2023-12-28,20.6,8.1,0.00,0.00,0.0,30387.50,3,323,88,8.1
2023-12-29,19.8,8.5,0.00,0.00,0.0,26736.39,3,346,90,7.6
2023-12-30,18.4,9.1,0.00,0.00,0.0,19908.06,3,333,91,8.0
2023-12-31,18.4,6.3,0.00,0.00,0.0,30767.19,3,4,86,7.2
2024-01-01,16.0,4.8,0.00,0.00,0.0,30018.10,3,320,86,8.2
2024-01-02,14.9,4.6,0.00,0.00,0.0,30210.48,3,338,87,8.2
2024-01-03,15.4,5.1,0.00,0.00,0.0,23343.78,3,331,90,11.4
2024-01-04,17.5,5.2,0.00,0.00,0.0,29039.12,3,317,84,9.9
2024-01-05,17.0,6.6,0.10,0.10,1.0,11607.92,51,334,87,8.9
2024-01-06,16.9,7.0,0.00,0.00,0.0,25804.33,3,320,82,8.2
2024-01-07,17.4,6.4,0.00,0.00,0.0,36000.00,3,279,83,9.0
2024-01-08,18.4,6.2,0.00,0.00,0.0,31952.74,3,357,88,8.8
2024-01-09,18.0,4.6,0.00,0.00,0.0,36000.00,0,305,86,13.7
2024-01-10,15.9,4.5,0.00,0.00,0.0,36000.00,0,284,86,14.9
2024-01-11,15.2,5.2,0.00,0.00,0.0,25200.00,3,298,90,12.5
2024-01-12,17.4,5.3,0.00,0.00,0.0,26982.23,3,287,89,13.1
2024-01-13,17.8,4.4,0.00,0.00,0.0,22940.50,3,328,86,9.3
2024-01-14,17.6,4.5,0.00,0.00,0.0,27530.57,3,314,87,9.3
2024-01-15,15.8,3.5,0.00,0.00,0.0,25871.21,3,317,88,8.9
2024-01-16,17.0,4.1,0.00,0.00,0.0,26016.96,3,101,86,9.0
2024-01-17,17.8,4.2,0.00,0.00,0.0,36000.00,3,134,85,9.8
2024-01-18,17.4,5.4,0.00,0.00,0.0,25807.59,3,256,87,7.0
2024-01-19,16.4,5.7,0.00,0.00,0.0,22530.62,3,149,90,9.1
2024-01-20,15.8,5.4,0.00,0.00,0.0,29010.53,3,331,90,8.6
2024-01-21,16.0,4.9,0.00,0.00,0.0,25798.53,3,293,91,14.6
2024-01-22,16.5,5.0,0.00,0.00,0.0,25563.77,3,111,87,9.9
2024-01-23,17.1,5.0,0.00,0.00,0.0,26865.75,3,330,89,8.1
2024-01-24,18.0,6.0,0.00,0.00,0.0,35501.48,3,324,87,9.6
2024-01-25,17.1,5.9,0.00,0.00,0.0,24556.26,3,301,88,9.2
2024-01-26,18.3,6.1,0.00,0.00,0.0,33799.15,3,305,85,9.7
2024-01-27,20.4,6.7,0.00,0.00,0.0,36000.00,3,284,78,17.0
2024-01-28,20.1,7.1,0.00,0.00,0.0,28598.22,3,107,83,13.5
2024-01-29,21.1,8.6,0.00,0.00,0.0,36000.00,3,69,87,10.5
2024-01-30,20.3,9.8,0.00,0.00,0.0,26311.79,3,333,91,7.9
2024-01-31,19.9,10.4,6.90,6.90,10.0,18375.62,61,120,91,15.3
2024-02-01,21.0,8.8,32.80,32.80,5.0,28811.46,65,112,88,22.5
2024-02-02,19.1,7.8,0.00,0.00,0.0,33348.51,3,305,82,15.9
2024-02-03,20.4,7.7,0.60,0.60,1.0,34328.09,53,311,73,9.9
2024-02-04,21.0,12.6,4.20,4.20,8.0,27645.26,61,156,89,17.0
2024-02-05,19.7,7.9,0.30,0.30,3.0,32033.19,51,326,83,10.9
2024-02-06,18.6,7.4,0.00,0.00,0.0,36000.00,3,306,74,16.0
2024-02-07,18.3,7.3,0.00,0.00,0.0,36000.00,3,297,68,23.3
2024-02-08,19.0,7.9,0.00,0.00,0.0,36000.00,3,288,67,27.3
2024-02-09,20.4,7.7,0.00,0.00,0.0,36129.61,0,327,71,12.5
2024-02-10,19.6,7.2,0.00,0.00,0.0,30966.82,3,343,83,10.0
2024-02-11,21.4,7.9,0.00,0.00,0.0,36078.46,0,320,76,11.3
2024-02-12,21.5,8.1,0.00,0.00,0.0,30292.84,3,356,77,9.9
2024-02-13,21.0,8.8,0.00,0.00,0.0,32202.78,3,331,75,9.2
2024-02-14,22.5,9.6,0.00,0.00,0.0,36275.80,0,306,76,13.6
2024-02-15,23.6,8.8,0.00,0.00,0.0,36250.63,0,307,70,15.3
2024-02-16,24.4,8.2,0.00,0.00,0.0,36497.44,0,311,63,13.3
2024-02-17,24.6,8.9,0.00,0.00,0.0,36472.32,2,282,63,15.6
2024-02-18,27.5,10.9,0.00,0.00,0.0,35548.08,3,140,56,17.4
2024-02-19,27.2,14.9,0.00,0.00,0.0,36422.91,1,129,62,30.6
2024-02-20,27.4,12.6,0.10,0.10,1.0,33596.80,51,93,68,14.6
2024-02-21,26.0,11.9,0.00,0.00,0.0,36913.80,2,339,53,16.9
2024-02-22,24.1,9.8,0.00,0.00,0.0,36889.39,0,321,49,15.3
2024-02-23,23.0,9.1,0.00,0.00,0.0,37217.87,0,325,46,15.4
2024-02-24,23.0,10.9,0.00,0.00,0.0,36841.45,3,5,43,12.1
2024-02-25,25.0,11.5,0.00,0.00,0.0,36227.23,3,14,41,18.3
2024-02-26,24.5,11.3,0.00,0.00,0.0,20759.68,3,342,46,11.0
2024-02-27,24.3,11.5,0.40,0.40,2.0,29838.81,51,322,52,16.2
2024-02-28,24.2,11.1,0.00,0.00,0.0,37477.81,0,302,57,21.2
2024-02-29,26.4,11.8,0.00,0.00,0.0,37954.54,3,306,55,12.9
2024-03-01,26.6,13.2,0.70,0.70,3.0,32235.56,51,119,59,18.4
2024-03-02,25.2,15.6,13.00,13.00,13.0,23782.07,63,144,78,34.4
2024-03-03,22.1,11.8,0.00,0.00,0.0,37784.91,3,313,74,14.0
2024-03-04,21.2,9.1,0.00,0.00,0.0,38789.25,3,337,61,14.1
2024-03-05,20.5,8.5,0.00,0.00,0.0,38996.27,3,303,61,15.3
2024-03-06,21.0,8.8,0.00,0.00,0.0,33635.72,3,303,64,14.7
2024-03-07,23.8,9.9,0.00,0.00,0.0,38882.11,1,317,60,16.1
2024-03-08,25.1,10.6,0.00,0.00,0.0,39882.31,0,321,56,17.2
2024-03-09,25.0,10.9,0.00,0.00,0.0,40617.08,3,298,57,17.1
2024-03-10,26.2,11.2,0.00,0.00,0.0,38449.53,3,309,55,10.9
2024-03-11,29.3,14.6,0.00,0.00,0.0,40503.46,1,4,50,15.6
2024-03-12,29.2,13.9,0.00,0.00,0.0,41237.87,0,329,49,15.5
2024-03-13,29.2,13.5,0.00,0.00,0.0,40392.30,1,341,58,18.9
2024-03-14,29.0,14.0,0.00,0.00,0.0,41653.14,1,339,48,16.2
2024-03-15,27.4,12.3,0.00,0.00,0.0,42689.86,3,296,46,17.3
2024-03-16,27.6,12.2,0.00,0.00,0.0,41386.12,3,316,44,13.8
2024-03-17,28.8,11.8,0.00,0.00,0.0,41648.04,3,304,48,11.8
2024-03-18,28.4,13.1,0.00,0.00,0.0,42999.84,2,300,48,12.9
2024-03-19,29.9,13.2,0.00,0.00,0.0,43103.75,1,322,47,16.6
2024-03-20,32.0,14.4,0.00,0.00,0.0,43137.72,3,354,42,17.4
2024-03-21,29.4,17.1,0.00,0.00,0.0,39720.67,3,120,57,18.8
2024-03-22,32.5,18.0,0.00,0.00,0.0,43200.00,1,82,51,13.0
2024-03-23,33.9,18.5,0.00,0.00,0.0,43200.00,3,315,42,20.9
2024-03-24,31.2,17.1,0.00,0.00,0.0,35772.41,3,333,52,37.9
2024-03-25,33.0,16.8,0.00,0.00,0.0,43200.00,3,312,44,22.1
2024-03-26,33.5,18.0,0.00,0.00,0.0,38664.35,3,285,45,14.2
2024-03-27,36.2,21.1,0.00,0.00,0.0,35197.66,3,333,41,17.1
2024-03-28,36.8,22.1,0.00,0.00,0.0,39229.85,3,324,43,15.6
2024-03-29,36.1,21.4,1.30,1.30,3.0,38938.45,53,107,44,15.0
2024-03-30,34.8,22.2,0.00,0.00,0.0,40936.37,3,16,39,20.4
2024-03-31,34.5,19.1,0.00,0.00,0.0,43002.95,1,316,40,21.3
2024-04-01,31.6,17.3,0.00,0.00,0.0,41343.32,3,303,39,21.3
2024-04-02,33.0,16.8,0.00,0.00,0.0,41508.46,3,316,34,22.0
2024-04-03,35.6,21.0,0.00,0.00,0.0,42098.95,3,19,27,17.5
2024-04-04,36.3,22.0,0.00,0.00,0.0,41650.16,3,357,25,20.2
2024-04-05,35.8,20.6,0.00,0.00,0.0,30848.04,3,309,23,28.7
2024-04-06,35.1,18.5,0.00,0.00,0.0,43200.00,0,310,21,21.3
2024-04-07,35.3,17.5,0.00,0.00,0.0,43200.00,0,306,22,21.5
2024-04-08,36.9,18.5,0.00,0.00,0.0,43200.00,1,311,21,19.3
2024-04-09,37.7,18.6,0.00,0.00,0.0,41361.59,3,343,19,16.9
2024-04-10,37.7,19.9,0.00,0.00,0.0,41706.36,2,59,22,17.6
2024-04-11,38.1,21.4,0.00,0.00,0.0,43006.82,3,51,22,14.5
2024-04-12,38.6,22.4,0.00,0.00,0.0,42544.57,3,99,19,15.5
2024-04-13,38.6,22.6,2.40,2.40,2.0,39600.00,61,115,34,16.8
2024-04-14,33.6,22.0,0.20,0.20,2.0,16918.74,51,2,52,14.8
2024-04-15,36.2,22.4,0.00,0.00,0.0,32736.75,3,281,49,22.8
2024-04-16,35.7,22.9,0.00,0.00,0.0,42155.07,3,302,32,22.1
2024-04-17,35.5,22.0,0.00,0.00,0.0,41028.43,3,297,24,30.3
2024-04-18,37.8,23.4,0.00,0.00,0.0,39600.00,3,291,27,20.5
2024-04-19,38.2,22.8,0.00,0.00,0.0,42007.21,2,294,28,18.9
2024-04-20,36.3,22.0,0.00,0.00,0.0,39880.11,3,307,28,21.2
2024-04-21,36.6,23.5,0.00,0.00,0.0,37518.88,3,315,27,18.8
2024-04-22,37.2,22.7,0.10,0.10,1.0,40387.21,51,306,26,24.2
2024-04-23,37.8,22.0,0.00,0.00,0.0,40819.00,2,313,31,25.4
2024-04-24,37.0,20.8,0.00,0.00,0.0,42280.01,0,300,26,23.9
2024-04-25,38.3,21.4,0.00,0.00,0.0,41740.04,1,313,26,23.9
2024-04-26,39.4,23.4,0.00,0.00,0.0,40886.49,3,229,24,31.4
2024-04-27,38.1,23.9,0.00,0.00,0.0,40388.39,3,308,28,25.6
2024-04-28,37.5,23.3,0.00,0.00,0.0,39906.65,3,328,27,18.3
2024-04-29,38.1,23.5,0.00,0.00,0.0,41737.65,3,322,28,22.6
2024-04-30,36.3,21.0,0.00,0.00,0.0,42322.01,0,294,23,20.4
2024-05-01,32.5,19.7,0.00,0.00,0.0,42277.38,0,311,25,24.5
2024-05-02,35.1,19.1,0.00,0.00,0.0,42080.88,3,309,27,20.2
2024-05-03,38.2,20.2,0.00,0.00,0.0,39600.00,3,303,22,24.7
2024-05-04,40.7,25.5,0.00,0.00,0.0,38249.58,3,296,20,20.7
2024-05-05,41.0,24.7,0.00,0.00,0.0,41811.73,0,310,20,19.0
2024-05-06,40.7,25.6,0.00,0.00,0.0,41038.72,2,306,24,24.4
2024-05-07,41.3,27.0,0.00,0.00,0.0,41155.23,2,86,30,16.4
2024-05-08,39.5,26.8,0.00,0.00,0.0,38497.72,3,109,38,21.7
2024-05-09,39.5,26.3,0.00,0.00,0.0,41382.64,3,103,35,24.8
2024-05-10,39.0,26.0,0.80,0.80,2.0,37219.78,53,97,46,26.3
2024-05-11,38.7,26.2,0.70,0.70,3.0,33497.56,53,350,44,18.7
2024-05-12,37.5,26.9,0.10,0.10,1.0,36672.21,51,21,37,16.9
2024-05-13,40.8,25.6,0.00,0.00,0.0,39699.51,3,337,28,23.1
2024-05-14,40.7,24.6,0.00,0.00,0.0,41646.12,2,308,25,22.1
2024-05-15,42.5,24.4,0.00,0.00,0.0,41481.16,0,329,20,18.5
2024-05-16,42.5,25.5,0.00,0.00,0.0,41448.11,0,313,21,19.9
2024-05-17,44.2,26.6,0.00,0.00,0.0,40078.36,2,317,20,21.3
2024-05-18,44.2,27.2,0.00,0.00,0.0,39927.17,1,301,18,27.9
2024-05-19,45.3,27.8,0.00,0.00,0.0,41361.23,3,299,16,27.2
2024-05-20,44.2,29.0,0.00,0.00,0.0,40440.53,3,291,20,25.5
2024-05-21,43.0,28.7,0.00,0.00,0.0,41046.64,0,86,29,17.3
2024-05-22,42.2,30.0,0.20,0.20,1.0,40254.22,51,112,36,25.9
2024-05-23,41.3,30.7,0.00,0.00,0.0,39312.94,1,126,35,23.4
2024-05-24,40.8,30.6,0.00,0.00,0.0,41258.76,1,111,34,21.2
2024-05-25,44.8,29.9,0.00,0.00,0.0,39341.44,1,316,24,27.3
2024-05-26,46.3,29.3,0.00,0.00,0.0,41831.07,0,336,19,26.6
2024-05-27,46.0,28.9,0.00,0.00,0.0,41080.24,1,325,20,23.2
2024-05-28,46.4,28.5,0.00,0.00,0.0,42513.11,0,296,14,21.2
2024-05-29,46.0,32.2,0.00,0.00,0.0,39600.33,3,259,18,19.5
2024-05-30,46.3,31.0,0.00,0.00,0.0,42141.71,0,284,14,23.5
2024-05-31,46.1,28.2,0.00,0.00,0.0,42145.38,3,294,15,24.2
2024-06-01,44.5,30.4,0.00,0.00,0.0,27147.25,3,279,20,26.8
2024-06-02,41.9,30.2,0.00,0.00,0.0,38277.02,3,288,26,19.1
2024-06-03,44.7,29.6,0.00,0.00,0.0,41901.62,0,297,20,18.0
2024-06-04,43.5,31.0,0.00,0.00,0.0,40500.70,1,279,19,25.0
2024-06-05,41.8,30.6,0.00,0.00,0.0,41256.65,2,282,27,25.1
2024-06-06,41.0,27.6,0.00,0.00,0.0,40724.54,1,312,31,22.0
2024-06-07,42.4,28.5,0.00,0.00,0.0,40416.48,3,294,30,23.3
2024-06-08,40.1,27.9,0.00,0.00,0.0,40890.03,3,309,28,26.5
2024-06-09,42.5,27.7,0.00,0.00,0.0,42103.72,0,309,19,20.2
2024-06-10,43.2,28.0,0.00,0.00,0.0,41050.25,2,288,18,22.7
2024-06-11,43.5,28.8,0.00,0.00,0.0,41345.14,1,287,20,19.5
2024-06-12,44.5,28.2,0.00,0.00,0.0,41897.91,0,290,17,18.4
2024-06-13,45.1,29.2,0.00,0.00,0.0,41786.50,1,281,21,27.6
2024-06-14,43.7,32.7,0.00,0.00,0.0,40120.28,2,276,29,30.9
2024-06-15,43.6,32.2,0.00,0.00,0.0,41539.14,1,289,26,28.5
2024-06-16,44.4,32.7,0.00,0.00,0.0,41439.45,0,284,24,25.6
2024-06-17,44.3,33.8,0.00,0.00,0.0,41192.76,1,282,24,28.3
2024-06-18,44.3,34.1,0.00,0.00,0.0,41893.56,1,278,26,30.8
2024-06-19,41.1,33.0,1.40,1.40,2.0,39630.05,53,268,36,31.6
2024-06-20,38.8,25.6,3.60,3.60,4.0,31237.97,55,63,48,26.6
2024-06-21,38.0,25.2,0.30,0.30,1.0,32456.39,51,2,57,19.4
2024-06-22,38.0,29.5,0.00,0.00,0.0,30861.14,3,58,53,11.5
2024-06-23,39.2,30.0,0.00,0.00,0.0,40571.37,3,97,51,16.9
2024-06-24,39.2,29.9,0.70,0.70,1.0,33993.73,53,92,57,14.9
2024-06-25,37.0,28.1,8.20,8.20,6.0,30117.40,63,133,62,16.5
2024-06-26,33.9,26.0,10.30,10.30,10.0,19663.15,61,97,78,21.3
2024-06-27,30.1,25.9,6.10,6.10,12.0,3554.00,63,111,86,18.4
2024-06-28,30.9,25.9,11.20,11.20,9.0,3562.63,63,141,86,12.5
2024-06-29,32.6,26.5,8.70,8.70,10.0,25483.70,63,212,81,13.7
2024-06-30,34.7,26.1,23.30,23.30,8.0,40232.62,65,9,79,13.1
2024-07-01,34.6,26.0,13.30,13.30,6.0,31630.98,63,260,80,10.0
2024-07-02,33.5,26.3,6.60,6.60,10.0,9056.69,61,165,85,14.8
2024-07-03,33.2,25.9,3.60,3.60,8.0,17365.92,61,122,84,13.6
2024-07-04,31.6,25.5,5.20,5.20,9.0,18112.32,61,85,83,13.1
2024-07-05,30.0,26.0,1.00,1.00,5.0,1607.23,53,82,87,15.5
2024-07-06,32.7,25.8,0.80,0.80,7.0,33030.50,51,64,83,15.9
2024-07-07,33.3,25.2,0.20,0.20,2.0,37084.41,51,83,78,14.4
2024-07-08,33.0,25.6,0.10,0.10,1.0,37338.79,51,52,78,12.9
2024-07-09,32.5,26.1,11.70,11.70,6.0,40500.27,63,99,82,17.8
2024-07-10,34.0,26.6,9.30,9.30,12.0,32998.78,63,180,80,13.9
2024-07-11,36.3,27.1,1.30,1.30,4.0,37914.32,53,257,77,23.3
2024-07-12,35.3,26.6,0.80,0.80,4.0,33339.75,51,269,78,15.3
2024-07-13,34.0,25.4,6.50,6.50,4.0,37492.55,63,320,79,11.4
2024-07-14,34.8,25.1,0.70,0.70,1.0,42043.54,53,96,74,16.0
2024-07-15,33.1,25.7,19.00,19.00,10.0,36237.26,63,91,79,14.8
2024-07-16,34.1,25.9,3.20,3.20,3.0,40570.10,63,99,79,16.1
2024-07-17,34.5,27.6,2.40,2.40,3.0,41498.45,61,97,78,13.7
2024-07-18,34.5,27.6,1.10,1.10,3.0,41094.34,53,115,79,11.0
2024-07-19,34.5,27.2,0.60,0.60,6.0,37629.50,51,110,78,11.8
2024-07-20,35.0,27.1,0.30,0.30,3.0,40733.33,51,121,76,13.3
2024-07-21,34.8,27.3,6.30,6.30,6.0,40289.53,63,119,79,18.2
2024-07-22,34.7,27.7,1.20,1.20,4.0,37489.22,53,116,79,9.9
2024-07-23,34.8,26.8,10.90,10.90,12.0,36629.08,63,114,81,13.9
2024-07-24,33.6,26.6,2.40,2.40,4.0,27072.52,53,83,81,9.2
2024-07-25,34.8,27.4,0.60,0.60,5.0,39094.17,51,113,76,10.7
2024-07-26,33.3,27.7,10.00,10.00,7.0,18804.27,63,346,81,9.8
2024-07-27,34.3,28.2,2.30,2.30,4.0,25367.11,55,76,80,15.4
2024-07-28,35.4,28.5,4.00,4.00,3.0,38590.40,63,101,75,18.5
2024-07-29,36.3,28.4,0.10,0.10,1.0,37322.32,51,109,69,16.9
2024-07-30,37.3,28.9,0.10,0.10,1.0,40322.86,51,140,67,14.3
2024-07-31,37.3,26.8,119.60,119.60,12.0,28888.14,65,183,79,17.6
2024-08-01,31.4,25.8,9.20,9.20,11.0,22255.22,61,140,84,11.2
2024-08-02,32.2,25.6,3.30,3.30,7.0,33225.71,61,116,84,18.0
2024-08-03,32.3,26.2,1.10,1.10,8.0,35486.51,51,122,82,22.2
2024-08-04,33.7,26.8,0.30,0.30,2.0,40632.93,51,87,75,28.0
2024-08-05,32.7,26.5,0.60,0.60,5.0,33180.43,51,123,78,31.7
2024-08-06,32.0,26.4,0.10,0.10,1.0,28624.83,51,187,78,15.9
2024-08-07,30.0,25.8,16.30,16.30,22.0,6755.46,63,212,88,9.9
2024-08-08,31.6,25.6,13.10,13.10,15.0,20092.07,63,109,86,12.8
2024-08-09,31.9,25.1,34.60,34.60,23.0,30036.43,65,111,86,9.3
2024-08-10,31.3,25.2,8.80,8.80,16.0,30139.70,63,87,86,10.7
2024-08-11,31.4,25.7,17.40,17.40,18.0,17248.13,65,94,88,13.2
2024-08-12,29.9,25.5,11.30,11.30,14.0,9111.50,63,80,91,13.8
2024-08-13,30.5,25.5,7.00,7.00,12.0,16792.69,61,81,89,16.6
2024-08-14,30.2,26.1,8.00,8.00,10.0,16609.86,63,86,88,12.5
2024-08-15,32.3,25.7,13.00,13.00,19.0,33365.14,63,106,86,15.5
2024-08-16,32.3,25.9,9.30,9.30,12.0,27283.89,63,121,87,15.2
2024-08-17,31.9,25.9,8.20,8.20,8.0,33785.98,63,308,85,10.5
2024-08-18,32.8,26.3,4.60,4.60,5.0,33081.82,61,280,83,15.8
2024-08-19,33.0,26.6,1.20,1.20,6.0,35039.46,51,282,82,16.8
2024-08-20,31.5,25.6,7.20,7.20,13.0,25359.00,63,172,86,13.4
2024-08-21,32.0,24.8,6.10,6.10,9.0,37371.95,63,102,84,8.7
2024-08-22,32.7,24.9,0.90,0.90,4.0,38301.70,51,218,85,10.7
2024-08-23,31.2,24.8,0.80,0.80,3.0,25099.34,51,99,85,9.7
2024-08-24,31.9,25.2,21.60,21.60,10.0,31448.66,65,63,83,18.4
2024-08-25,32.8,25.3,1.30,1.30,4.0,41893.75,55,88,79,21.7
2024-08-26,32.1,24.5,5.00,5.00,9.0,39436.23,61,103,83,23.6
2024-08-27,31.4,24.4,14.10,14.10,18.0,36521.13,63,115,85,26.9
2024-08-28,30.5,24.4,24.00,24.00,18.0,34856.57,65,124,86,17.1
2024-08-29,31.0,24.6,11.30,11.30,10.0,24472.02,63,116,86,19.2
2024-08-30,31.4,25.1,7.20,7.20,9.0,21331.80,63,47,87,7.1
2024-08-31,33.4,26.0,0.00,0.00,0.0,42589.52,2,307,79,13.8
2024-09-01,33.7,25.9,1.20,1.20,1.0,40879.05,55,48,78,14.9
2024-09-02,31.5,25.2,5.80,5.80,13.0,20971.22,63,102,84,14.7
2024-09-03,31.8,24.7,18.50,18.50,14.0,27584.45,65,86,87,14.4
2024-09-04,30.8,24.6,0.40,0.40,3.0,30437.50,51,290,86,11.9
2024-09-05,31.7,24.4,7.00,7.00,10.0,37681.68,63,18,84,14.8
2024-09-06,30.8,24.4,18.50,18.50,17.0,30493.71,63,113,88,11.1
2024-09-07,30.2,24.2,20.20,20.20,19.0,20280.66,63,169,87,6.2
2024-09-08,31.4,24.6,8.00,8.00,15.0,30048.90,61,306,87,10.7
2024-09-09,32.8,25.2,5.40,5.40,4.0,40708.40,63,334,81,13.0
2024-09-10,30.5,24.9,8.10,8.10,14.0,25875.68,63,13,89,10.3
2024-09-11,31.6,25.4,46.40,46.40,17.0,28445.33,65,1,87,19.1
2024-09-12,26.8,23.5,113.20,113.20,24.0,0.00,65,4,90,23.6
2024-09-13,30.7,23.3,24.20,24.20,18.0,21017.57,65,271,90,24.8
2024-09-14,29.9,23.0,5.10,5.10,10.0,36736.37,61,291,84,18.7
2024-09-15,31.3,23.0,0.60,0.60,2.0,40128.50,53,285,79,20.1
2024-09-16,32.4,23.6,0.00,0.00,0.0,41212.78,3,289,74,17.3
2024-09-17,31.7,23.6,0.00,0.00,0.0,39655.18,3,333,76,11.8
2024-09-18,28.0,23.0,51.00,51.00,12.0,10184.84,65,48,86,18.2
2024-09-19,29.8,23.3,0.80,0.80,6.0,35290.59,51,88,87,16.7
2024-09-20,31.4,24.2,0.00,0.00,0.0,38056.38,3,140,80,12.7
2024-09-21,31.8,25.6,0.30,0.30,3.0,33902.27,51,192,79,8.7
2024-09-22,33.2,25.4,0.00,0.00,0.0,40121.07,3,312,79,7.7
2024-09-23,33.5,25.1,0.00,0.00,0.0,39895.60,0,287,78,11.0
2024-09-24,33.6,25.3,0.00,0.00,0.0,39600.00,3,132,77,7.9
2024-09-25,33.1,25.4,0.40,0.40,3.0,38960.24,51,119,83,15.9
2024-09-26,31.4,25.2,0.40,0.40,4.0,28199.12,51,116,82,13.8
2024-09-27,31.0,23.2,1.30,1.30,3.0,39436.75,53,91,81,15.0
2024-09-28,30.6,23.0,0.00,0.00,0.0,30920.54,3,81,82,10.8
2024-09-29,30.8,22.9,0.20,0.20,2.0,34556.95,51,48,83,9.6
2024-09-30,33.0,23.5,0.00,0.00,0.0,39600.00,3,288,78,15.5
2024-10-01,33.5,23.9,0.00,0.00,0.0,39600.00,0,278,77,14.7
2024-10-02,35.2,24.2,0.00,0.00,0.0,39600.00,0,273,72,18.0
2024-10-03,34.3,24.4,0.00,0.00,0.0,39600.00,0,273,67,17.6
2024-10-04,33.8,23.9,0.00,0.00,0.0,39600.00,0,262,69,13.8
2024-10-05,34.0,23.9,0.00,0.00,0.0,38826.94,1,267,65,18.1
2024-10-06,34.2,22.5,0.00,0.00,0.0,39600.00,2,317,67,16.9
2024-10-07,32.9,22.2,0.00,0.00,0.0,39600.00,0,333,69,10.0
2024-10-08,33.2,21.2,0.00,0.00,0.0,39600.00,0,309,67,10.5
2024-10-09,32.9,20.9,0.00,0.00,0.0,39600.00,2,301,63,15.5
2024-10-10,33.2,19.6,0.00,0.00,0.0,39600.00,0,297,55,14.6
2024-10-11,32.5,19.2,0.00,0.00,0.0,39600.00,1,284,54,15.1
2024-10-12,32.8,19.3,0.00,0.00,0.0,39600.00,0,266,55,11.1
2024-10-13,32.8,19.9,0.00,0.00,0.0,39600.00,3,324,53,11.1
2024-10-14,32.4,19.7,0.00,0.00,0.0,39572.50,0,304,55,11.8
2024-10-15,32.7,19.2,0.00,0.00,0.0,39600.00,1,287,56,14.1
2024-10-16,33.0,19.2,0.00,0.00,0.0,32627.32,3,243,55,9.6
2024-10-17,33.7,21.1,0.00,0.00,0.0,39402.10,2,109,61,8.9
2024-10-18,34.1,20.9,0.00,0.00,0.0,39511.44,0,146,59,9.2
2024-10-19,34.3,21.8,0.00,0.00,0.0,39368.23,0,8,61,10.2
2024-10-20,33.6,21.3,0.00,0.00,0.0,39484.13,0,87,65,11.1
2024-10-21,32.8,21.0,0.00,0.00,0.0,39336.36,0,56,67,10.2
2024-10-22,31.9,20.8,0.00,0.00,0.0,39108.84,0,12,66,10.3
2024-10-23,32.8,20.5,0.00,0.00,0.0,38864.77,0,313,58,18.0
2024-10-24,33.1,19.3,0.00,0.00,0.0,38892.92,0,309,60,14.4
2024-10-25,32.7,19.0,0.00,0.00,0.0,38921.48,0,303,60,18.6
2024-10-26,32.0,19.3,0.00,0.00,0.0,38676.72,0,9,64,12.9
2024-10-27,31.6,20.5,0.00,0.00,0.0,38431.30,0,113,70,8.8
2024-10-28,31.9,21.2,0.00,0.00,0.0,38185.20,0,148,68,10.9
2024-10-29,33.5,21.0,0.00,0.00,0.0,38213.60,0,149,67,8.7
2024-10-30,34.8,21.3,0.00,0.00,0.0,37966.55,0,321,63,13.1
2024-10-31,33.3,20.0,0.00,0.00,0.0,37933.57,0,295,56,18.6
2024-11-01,32.7,18.9,0.00,0.00,0.0,38023.55,0,290,53,18.0
2024-11-02,32.0,17.9,0.00,0.00,0.0,37733.46,0,41,56,10.0
2024-11-03,31.6,18.0,0.00,0.00,0.0,37803.50,0,330,56,10.4
2024-11-04,30.6,17.4,0.00,0.00,0.0,37476.11,0,330,66,9.7
2024-11-05,29.6,18.5,0.00,0.00,0.0,36696.07,0,82,70,8.1
2024-11-06,30.3,18.5,0.00,0.00,0.0,36192.86,0,223,68,9.7
2024-11-07,30.2,19.5,0.00,0.00,0.0,35686.75,0,114,66,7.9
2024-11-08,30.5,19.5,0.00,0.00,0.0,35740.09,0,141,66,8.3
2024-11-09,31.0,19.7,0.00,0.00,0.0,35229.55,1,133,65,11.5
2024-11-10,30.5,19.5,0.00,0.00,0.0,35281.28,0,91,72,8.9
2024-11-11,29.9,19.3,0.00,0.00,0.0,35332.71,0,86,73,7.4
2024-11-12,31.5,19.5,0.00,0.00,0.0,35101.15,0,285,55,16.2
2024-11-13,30.0,18.7,0.00,0.00,0.0,35719.27,0,293,60,10.0
2024-11-14,29.9,18.4,0.00,0.00,0.0,34631.99,0,297,57,9.3
2024-11-15,29.1,18.3,0.00,0.00,0.0,34964.30,0,297,55,12.0
2024-11-16,28.8,17.4,0.00,0.00,0.0,34441.02,0,296,57,9.9
2024-11-17,28.4,16.4,0.00,0.00,0.0,34200.17,0,302,60,8.7
2024-11-18,26.4,15.6,0.00,0.00,0.0,34532.73,0,295,60,7.6
2024-11-19,25.9,13.7,0.00,0.00,0.0,34577.42,0,290,52,8.4
2024-11-20,26.0,13.1,0.00,0.00,0.0,34334.41,0,293,52,8.4
2024-11-21,25.8,13.1,0.00,0.00,0.0,34376.75,0,287,54,7.4
2024-11-22,26.2,13.6,0.00,0.00,0.0,34128.16,0,289,58,6.6
2024-11-23,27.5,14.2,0.00,0.00,0.0,34073.60,0,239,52,6.1
2024-11-24,27.6,15.6,0.00,0.00,0.0,34086.37,0,273,51,9.7
2024-11-25,25.9,14.8,0.00,0.00,0.0,34098.20,0,288,61,10.5
2024-11-26,25.5,13.6,0.00,0.00,0.0,34109.05,0,289,55,10.0
2024-11-27,25.9,13.2,0.00,0.00,0.0,34411.41,0,315,52,8.2
2024-11-28,25.4,12.6,0.00,0.00,0.0,34127.61,0,340,57,6.4
2024-11-29,24.4,12.2,0.00,0.00,0.0,34135.30,0,349,63,4.3
2024-11-30,24.8,12.1,0.00,0.00,0.0,33847.97,0,312,63,7.9
2024-12-01,24.8,13.9,0.00,0.00,0.0,33853.11,0,294,63,7.6
2024-12-02,25.7,13.4,0.00,0.00,0.0,34152.16,0,307,60,7.0
2024-12-03,26.4,13.3,0.00,0.00,0.0,34155.74,0,306,54,10.5
2024-12-04,25.6,13.9,0.00,0.00,0.0,34158.32,0,295,51,14.0
2024-12-05,23.5,11.6,0.00,0.00,0.0,34456.09,0,280,45,12.2
2024-12-06,23.5,11.1,0.00,0.00,0.0,34457.12,0,289,49,11.8
2024-12-07,23.0,9.5,0.00,0.00,0.0,34754.15,0,128,49,5.8
2024-12-08,22.5,11.1,0.60,0.60,3.0,32969.62,51,124,57,12.9
2024-12-09,20.2,10.8,0.00,0.00,0.0,34156.73,0,345,65,6.5
2024-12-10,20.1,9.5,0.00,0.00,0.0,34749.60,0,300,51,12.7
2024-12-11,20.2,8.1,0.00,0.00,0.0,34746.20,0,292,51,10.0
2024-12-12,20.5,7.2,0.00,0.00,0.0,34741.83,0,301,52,9.6
2024-12-13,20.5,9.1,0.00,0.00,0.0,35035.43,0,292,45,14.4
2024-12-14,20.7,8.5,0.00,0.00,0.0,35029.46,0,286,47,10.4
2024-12-15,20.7,6.9,0.00,0.00,0.0,35022.62,0,299,59,5.0
2024-12-16,20.9,6.6,0.00,0.00,0.0,35314.38,3,321,73,4.4
2024-12-17,20.4,7.3,0.00,0.00,0.0,26732.06,3,328,74,4.4
2024-12-18,21.0,7.2,0.00,0.00,0.0,34522.93,3,269,69,7.2
2024-12-19,21.1,7.7,0.00,0.00,0.0,35285.63,0,107,62,7.5
2024-12-20,23.0,9.9,0.00,0.00,0.0,35273.61,0,345,66,6.6
2024-12-21,22.0,8.7,0.00,0.00,0.0,35260.36,3,322,64,6.8
2024-12-22,22.5,9.9,0.00,0.00,0.0,35546.16,3,112,60,7.3
2024-12-23,18.2,11.3,0.70,0.70,3.0,13059.28,53,86,71,10.3
2024-12-24,18.7,11.0,2.40,2.40,4.0,30041.67,61,34,80,9.1
2024-12-25,20.5,10.1,0.00,0.00,0.0,35474.90,1,310,77,7.2
2024-12-26,22.5,9.6,0.00,0.00,0.0,35477.58,3,37,67,4.4
2024-12-27,16.8,12.9,32.40,32.40,17.0,0.00,63,71,89,10.9
2024-12-28,18.2,10.9,2.40,2.40,3.0,13087.82,61,323,90,7.7
2024-12-29,18.4,9.8,0.00,0.00,0.0,28769.38,3,299,86,8.9
2024-12-30,18.3,7.8,0.00,0.00,0.0,26768.90,3,285,88,9.2
2024-12-31,16.0,7.6,0.00,0.00,0.0,23852.96,3,283,89,5.9
2025-01-01,17.0,7.9,0.00,0.00,0.0,27223.39,3,287,89,8.6
2025-01-02,18.3,8.4,0.00,0.00,0.0,34127.98,3,279,86,9.6
2025-01-03,19.5,8.0,0.00,0.00,0.0,25114.27,3,277,89,5.1
2025-01-04,20.9,8.1,0.00,0.00,0.0,28367.25,3,119,89,6.2
2025-01-05,18.2,9.4,0.00,0.00,0.0,25727.78,3,120,89,9.2
2025-01-06,18.1,9.3,4.30,4.30,3.0,32289.20,63,315,88,8.8
2025-01-07,17.6,9.1,0.00,0.00,0.0,19415.19,3,290,87,13.0
2025-01-08,18.4,7.9,0.00,0.00,0.0,36000.00,0,276,76,10.2
2025-01-09,18.6,7.3,0.00,0.00,0.0,36000.00,1,95,80,2.7
2025-01-10,17.8,7.7,0.00,0.00,0.0,32465.22,3,106,86,6.0
2025-01-11,16.8,7.6,7.70,7.70,10.0,25998.58,63,96,87,12.8
2025-01-12,18.1,8.2,0.60,0.60,2.0,34522.82,51,338,88,6.3
2025-01-13,19.1,8.0,0.00,0.00,0.0,36000.00,0,294,85,7.4
2025-01-14,18.4,7.8,0.00,0.00,0.0,36000.00,3,305,84,7.2
2025-01-15,18.4,8.6,3.50,3.50,4.0,26374.10,61,105,86,5.6
2025-01-16,18.2,10.1,0.70,0.70,4.0,26049.99,51,19,83,7.1
2025-01-17,19.0,7.7,0.00,0.00,0.0,36000.00,3,297,83,8.8
2025-01-18,17.8,7.6,0.00,0.00,0.0,25491.15,3,291,88,6.7
2025-01-19,21.1,8.7,0.00,0.00,0.0,26394.46,3,323,85,5.6
2025-01-20,22.0,11.1,0.00,0.00,0.0,36000.00,0,285,84,10.1
2025-01-21,21.9,10.4,0.00,0.00,0.0,36000.00,0,288,79,8.8
2025-01-22,22.7,9.7,0.80,0.80,3.0,36000.00,51,293,75,6.6
2025-01-23,22.0,10.6,0.00,0.00,0.0,36000.00,1,300,70,10.8
2025-01-24,21.0,10.1,0.00,0.00,0.0,36000.00,0,282,67,12.4
2025-01-25,20.8,9.0,0.00,0.00,0.0,36000.00,0,271,65,10.1
2025-01-26,21.1,7.9,0.00,0.00,0.0,36000.00,0,271,66,8.9
2025-01-27,21.5,7.2,0.00,0.00,0.0,36000.00,0,275,63,9.0
2025-01-28,22.7,7.8,0.00,0.00,0.0,36000.00,0,253,61,6.0
2025-01-29,24.5,9.6,0.00,0.00,0.0,36000.00,0,118,63,9.0
2025-01-30,25.4,11.2,0.00,0.00,0.0,36000.00,0,141,66,6.9
2025-01-31,26.5,12.4,0.00,0.00,0.0,30749.80,3,140,64,7.9
2025-02-01,25.9,12.4,0.00,0.00,0.0,36000.00,3,63,64,11.3
2025-02-02,23.6,10.9,0.00,0.00,0.0,36000.00,0,312,71,11.2
2025-02-03,22.8,10.4,1.00,1.00,1.0,36000.00,55,342,65,5.6
2025-02-04,22.5,12.8,1.00,1.00,4.0,33362.73,51,66,74,13.8
2025-02-05,21.2,11.8,0.00,0.00,0.0,36000.00,0,305,64,10.8
2025-02-06,21.0,10.7,0.00,0.00,0.0,36000.00,2,308,55,16.0
2025-02-07,20.9,10.4,0.00,0.00,0.0,36000.00,3,288,54,16.6
2025-02-08,23.2,10.8,0.00,0.00,0.0,36000.00,3,287,58,11.7
2025-02-09,25.2,10.2,0.00,0.00,0.0,36109.35,3,290,61,7.8
2025-02-10,27.4,11.4,0.00,0.00,0.0,36083.74,2,297,60,7.4
2025-02-11,28.1,11.8,0.00,0.00,0.0,36058.35,2,321,60,8.9
2025-02-12,25.2,13.6,0.00,0.00,0.0,36306.53,0,304,48,15.8
2025-02-13,23.5,13.2,0.00,0.00,0.0,36281.20,0,293,48,15.5
2025-02-14,24.7,12.2,0.00,0.00,0.0,36256.18,3,287,46,13.5
2025-02-15,25.2,13.0,0.00,0.00,0.0,36231.49,3,34,49,10.8
2025-02-16,27.2,13.2,0.00,0.00,0.0,32400.00,3,352,56,8.7
2025-02-17,28.8,15.4,0.00,0.00,0.0,36453.95,3,341,52,7.5
2025-02-18,26.4,14.6,0.00,0.00,0.0,21873.15,3,279,54,9.3
2025-02-19,27.5,13.8,3.40,3.40,5.0,35918.82,61,279,52,12.9
2025-02-20,24.0,14.4,2.40,2.40,6.0,35879.92,55,94,72,15.8
2025-02-21,24.7,13.6,0.00,0.00,0.0,32400.00,3,313,73,9.8
2025-02-22,23.6,13.4,0.00,0.00,0.0,36872.08,3,298,67,11.4
2025-02-23,24.9,13.0,0.00,0.00,0.0,37177.02,0,303,64,9.1
2025-02-24,26.5,13.0,0.00,0.00,0.0,36853.75,3,309,60,9.7
2025-02-25,27.9,14.1,0.00,0.00,0.0,37068.59,3,312,52,7.8
2025-02-26,30.8,18.5,0.00,0.00,0.0,32400.20,3,149,50,7.2
2025-02-27,23.0,18.8,3.20,3.20,5.0,4375.26,55,75,70,20.0
2025-02-28,23.3,15.6,12.60,12.60,10.0,16158.82,63,91,79,12.0
2025-03-01,24.0,15.2,4.90,4.90,4.0,35194.24,63,59,82,13.4
2025-03-02,24.5,12.7,0.00,0.00,0.0,38649.91,0,313,64,12.6
2025-03-03,27.1,12.4,0.00,0.00,0.0,38326.96,1,152,59,7.8
2025-03-04,24.6,13.3,0.00,0.00,0.0,38535.80,2,298,57,17.6
2025-03-05,22.8,12.5,0.00,0.00,0.0,39804.09,0,297,42,21.7
2025-03-06,26.7,12.6,0.00,0.00,0.0,39746.82,0,286,44,12.7
2025-03-07,28.5,12.4,0.00,0.00,0.0,39954.43,0,285,44,9.3
2025-03-08,30.1,14.4,0.00,0.00,0.0,40162.19,0,298,44,11.9
2025-03-09,32.5,17.0,0.00,0.00,0.0,40105.79,3,137,41,9.4
2025-03-10,32.3,19.5,0.00,0.00,0.0,38466.33,3,134,44,12.9
2025-03-11,34.5,20.3,0.00,0.00,0.0,36684.87,3,326,48,8.4
2025-03-12,32.9,19.5,0.00,0.00,0.0,38619.61,3,303,48,12.0
2025-03-13,32.2,20.0,3.50,3.50,2.0,40671.16,63,309,54,17.5
2025-03-14,34.0,19.6,0.10,0.10,1.0,39825.54,51,56,48,12.0
2025-03-15,31.1,18.5,0.20,0.20,1.0,41611.43,51,32,53,14.3
2025-03-16,29.9,17.5,0.00,0.00,0.0,42344.34,1,323,46,12.8
2025-03-17,28.4,17.1,0.00,0.00,0.0,42696.61,3,303,46,13.4
2025-03-18,29.9,17.1,0.00,0.00,0.0,42977.86,2,297,43,11.4
2025-03-19,32.0,17.9,0.00,0.00,0.0,43082.37,1,322,37,10.8
2025-03-20,32.8,18.8,0.00,0.00,0.0,43127.79,1,322,33,13.4
2025-03-21,32.0,18.6,0.00,0.00,0.0,43161.58,1,306,33,15.5
2025-03-22,31.4,18.0,0.00,0.00,0.0,43195.27,1,299,35,15.9
2025-03-23,32.9,19.0,0.00,0.00,0.0,43200.00,0,249,33,10.2
2025-03-24,34.2,20.0,0.00,0.00,0.0,43200.00,0,164,33,7.4
2025-03-25,36.8,21.0,0.00,0.00,0.0,43200.00,0,96,32,10.1
2025-03-26,38.5,22.2,0.00,0.00,0.0,43200.00,2,202,28,12.5
2025-03-27,36.5,22.6,0.00,0.00,0.0,41892.14,1,284,28,12.5
2025-03-28,31.2,17.9,0.00,0.00,0.0,43200.00,3,296,21,14.7
2025-03-29,29.2,16.2,0.00,0.00,0.0,38034.56,3,294,22,14.9
2025-03-30,31.9,17.5,0.00,0.00,0.0,43200.00,2,293,22,12.4
2025-03-31,34.2,17.5,0.00,0.00,0.0,43200.00,0,296,20,13.0
2025-04-01,33.8,19.1,0.00,0.00,0.0,43200.00,0,290,20,13.2
2025-04-02,35.8,18.7,0.00,0.00,0.0,43200.00,0,305,20,11.0
2025-04-03,37.8,20.5,0.00,0.00,0.0,39336.48,3,298,17,11.5
2025-04-04,37.2,22.3,0.00,0.00,0.0,43200.00,0,299,18,13.3
2025-04-05,35.5,21.8,0.00,0.00,0.0,43200.00,3,289,22,13.7
2025-04-06,38.2,21.8,0.00,0.00,0.0,43200.00,0,283,22,9.5
2025-04-07,40.2,24.4,0.00,0.00,0.0,43200.00,2,70,24,9.4
2025-04-08,40.2,25.6,0.00,0.00,0.0,43200.00,1,115,22,9.6
2025-04-09,41.0,26.4,0.00,0.00,0.0,41772.67,3,89,28,15.7
2025-04-10,38.8,26.0,0.60,0.60,1.0,32945.79,53,118,36,13.2
2025-04-11,34.5,20.8,11.30,11.30,5.0,35376.90,65,110,64,20.2
2025-04-12,35.0,20.5,0.30,0.30,1.0,39902.99,51,89,51,8.6
2025-04-13,36.0,21.5,0.00,0.00,0.0,42331.84,1,96,42,10.0
2025-04-14,35.9,23.0,0.00,0.00,0.0,41344.11,1,105,37,9.6
2025-04-15,37.2,25.2,0.00,0.00,0.0,42038.71,1,113,34,9.3
2025-04-16,38.5,26.5,0.00,0.00,0.0,39803.15,1,116,32,11.1
2025-04-17,40.8,26.2,0.00,0.00,0.0,39475.78,3,114,34,18.2
2025-04-18,41.3,26.1,0.00,0.00,0.0,41001.84,3,94,40,17.1
2025-04-19,40.3,27.7,0.00,0.00,0.0,42547.71,2,130,42,18.8
2025-04-20,39.4,27.1,0.00,0.00,0.0,42493.98,1,96,36,18.2
2025-04-21,40.5,24.6,0.00,0.00,0.0,42097.70,3,262,18,13.4
2025-04-22,39.7,24.1,0.00,0.00,0.0,43070.33,0,279,11,12.3
2025-04-23,39.4,23.5,0.00,0.00,0.0,43012.89,0,284,12,13.7
2025-04-24,40.7,24.1,0.00,0.00,0.0,42790.44,0,267,12,14.2
2025-04-25,41.4,25.5,0.00,0.00,0.0,42572.86,2,336,13,13.3
2025-04-26,42.3,26.3,0.00,0.00,0.0,38787.43,3,260,14,19.6
2025-04-27,41.2,27.5,0.00,0.00,0.0,40793.73,2,346,13,13.6
2025-04-28,41.4,26.3,0.00,0.00,0.0,40268.65,3,100,23,16.6
2025-04-29,37.9,25.3,0.00,0.00,0.0,42063.79,0,103,36,14.6
2025-04-30,37.3,26.6,0.10,0.10,1.0,37328.12,51,109,36,11.7
2025-05-01,37.7,26.4,0.00,0.00,0.0,36000.00,3,108,37,13.4
2025-05-02,28.5,21.8,14.60,14.60,6.0,22955.96,63,76,70,11.3
2025-05-03,35.7,24.0,3.80,3.80,2.0,34353.27,63,142,51,14.9
2025-05-04,34.7,24.9,0.50,0.50,1.0,33900.32,53,97,52,10.2
2025-05-05,35.2,22.5,1.70,1.70,2.0,37890.16,55,90,61,11.3
2025-05-06,34.0,22.2,1.20,1.20,2.0,37374.05,55,91,62,17.3
2025-05-07,32.1,23.7,2.70,2.70,4.0,37420.06,61,85,67,10.1
2025-05-08,31.8,23.6,4.10,4.10,4.0,33037.30,63,73,63,10.1
2025-05-09,37.5,24.8,0.80,0.80,2.0,37439.53,53,120,47,10.7
2025-05-10,37.5,25.5,6.70,6.70,1.0,36105.98,63,46,58,15.7
2025-05-11,38.3,25.1,0.00,0.00,0.0,41471.40,1,316,44,13.0
2025-05-12,39.8,25.5,0.00,0.00,0.0,41439.45,0,278,29,12.9
2025-05-13,41.3,28.8,0.00,0.00,0.0,40072.61,1,286,23,19.8
2025-05-14,41.2,28.5,0.00,0.00,0.0,41536.87,0,299,23,16.0
2025-05-15,41.8,29.4,0.00,0.00,0.0,41490.90,0,287,21,12.3
2025-05-16,42.8,28.4,0.00,0.00,0.0,40641.45,1,308,28,17.4
2025-05-17,43.0,28.9,0.00,0.00,0.0,38081.76,1,281,29,19.7
2025-05-18,42.2,28.5,0.00,0.00,0.0,40861.96,1,44,36,14.1
2025-05-19,41.8,28.7,0.00,0.00,0.0,40877.29,1,92,46,12.3
2025-05-20,42.5,28.5,0.00,0.00,0.0,38246.70,2,111,43,15.8
2025-05-21,43.0,29.4,0.00,0.00,0.0,35644.95,3,103,46,23.8
2025-05-22,37.3,25.1,0.00,0.00,0.0,41191.11,1,114,55,14.1
2025-05-23,38.5,26.6,0.00,0.00,0.0,39994.46,2,106,49,13.5
2025-05-24,38.0,28.9,0.00,0.00,0.0,39534.84,2,107,47,16.0
2025-05-25,31.6,22.9,1.50,1.50,7.0,28957.20,53,84,73,11.4
2025-05-26,35.7,24.3,0.30,0.30,2.0,38629.80,51,95,64,14.6
2025-05-27,36.2,26.4,0.00,0.00,0.0,41090.00,0,100,60,8.8
2025-05-28,39.6,27.6,0.00,0.00,0.0,41180.58,3,86,55,10.7
2025-05-29,41.0,28.0,0.00,0.00,0.0,25583.91,3,198,42,8.4
2025-05-30,36.4,27.5,0.00,0.00,0.0,23131.51,3,121,42,13.4
2025-05-31,41.2,27.6,0.80,0.80,1.0,36076.55,53,203,40,12.5
2025-06-01,37.2,25.5,3.10,3.10,3.0,23033.73,61,234,48,17.5
2025-06-02,37.5,24.8,0.30,0.30,2.0,37316.25,51,259,43,12.5
2025-06-03,35.1,25.4,0.20,0.20,1.0,28177.83,51,266,47,11.4
2025-06-04,36.7,24.4,0.50,0.50,1.0,31374.31,53,70,56,14.9
2025-06-05,37.2,24.1,0.10,0.10,1.0,40967.60,51,272,46,10.3
2025-06-06,38.7,26.2,0.00,0.00,0.0,40419.33,1,234,38,10.2
2025-06-07,41.7,28.4,0.00,0.00,0.0,41569.52,0,349,36,11.8
2025-06-08,43.0,29.9,0.00,0.00,0.0,41355.14,1,284,33,14.1
2025-06-09,43.8,30.2,0.00,0.00,0.0,41760.77,0,293,25,16.5
2025-06-10,43.2,30.5,0.00,0.00,0.0,41972.39,0,305,23,13.9
2025-06-11,43.3,30.9,0.00,0.00,0.0,41726.04,0,25,37,10.7
2025-06-12,43.5,31.6,0.60,0.60,2.0,41000.89,51,107,43,11.4
2025-06-13,41.2,31.4,0.00,0.00,0.0,41012.27,2,114,49,13.0
2025-06-14,43.3,31.0,0.00,0.00,0.0,41044.36,2,106,42,12.6
2025-06-15,38.7,29.8,0.30,0.30,3.0,32815.00,51,115,54,16.3
2025-06-16,32.2,25.2,32.50,32.50,13.0,20665.62,65,91,82,12.1
2025-06-17,34.0,24.1,10.60,10.60,13.0,33113.91,63,102,79,10.7
2025-06-18,33.2,24.3,0.60,0.60,2.0,37371.04,53,135,76,7.1
2025-06-19,32.8,26.0,0.20,0.20,2.0,39125.58,51,117,76,11.1
2025-06-20,32.0,25.8,1.70,1.70,4.0,12607.07,61,105,83,11.2
2025-06-21,35.2,26.4,1.40,1.40,5.0,37569.30,53,135,74,6.8
2025-06-22,34.8,28.3,3.40,3.40,2.0,39125.43,63,129,72,8.0
2025-06-23,36.9,28.0,0.40,0.40,3.0,40053.05,51,110,69,8.7
2025-06-24,37.0,27.0,13.10,13.10,8.0,37412.91,63,125,71,11.5
2025-06-25,32.3,26.2,13.50,13.50,10.0,7881.76,63,96,84,11.6
2025-06-26,34.7,26.2,7.20,7.20,2.0,39050.27,63,93,74,11.5
2025-06-27,33.8,26.0,6.90,6.90,8.0,40090.94,63,109,76,8.5
2025-06-28,36.7,25.9,10.80,10.80,6.0,38991.30,65,134,73,11.1
2025-06-29,33.8,25.5,6.40,6.40,9.0,6895.70,61,160,78,9.2
2025-06-30,32.0,25.1,20.50,20.50,15.0,26228.59,65,113,88,8.6
2025-07-01,33.4,25.0,10.80,10.80,6.0,27251.41,63,93,82,9.4
2025-07-02,33.1,27.1,3.30,3.30,5.0,41479.59,63,97,80,9.9
2025-07-03,33.4,26.9,0.50,0.50,5.0,39014.28,51,105,77,10.4
2025-07-04,34.3,26.5,3.50,3.50,8.0,39291.87,61,95,78,6.7
2025-07-05,35.8,26.4,2.70,2.70,10.0,36739.09,55,157,74,6.9
2025-07-06,35.8,26.5,7.80,7.80,9.0,38035.44,63,303,75,8.5
2025-07-07,33.3,26.1,12.90,12.90,5.0,22609.91,63,240,82,6.7
2025-07-08,34.3,27.2,0.20,0.20,2.0,38222.89,51,297,75,12.5
2025-07-09,32.0,26.5,10.40,10.40,8.0,17294.72,65,31,83,6.8
2025-07-10,29.9,25.9,1.00,1.00,5.0,13911.93,51,157,85,8.8
2025-07-11,31.9,26.0,0.80,0.80,3.0,24112.53,53,174,80,4.5
2025-07-12,33.9,26.5,2.60,2.60,3.0,40497.16,61,104,80,8.2
2025-07-13,32.7,26.5,17.50,17.50,11.0,28210.53,65,81,85,11.0
2025-07-14,30.9,25.8,17.60,17.60,19.0,29572.28,63,108,85,17.9
2025-07-15,32.3,25.5,9.60,9.60,14.0,25716.79,61,130,84,16.6
2025-07-16,32.5,25.3,0.80,0.80,7.0,31494.90,51,131,82,11.0
2025-07-17,31.1,26.6,2.20,2.20,7.0,20960.74,55,111,82,12.7
2025-07-18,32.3,26.0,2.40,2.40,6.0,40314.25,61,81,80,17.9
2025-07-19,32.7,25.9,0.10,0.10,1.0,41512.26,51,146,76,15.8
2025-07-20,34.5,26.2,0.00,0.00,0.0,39600.00,3,215,71,8.6
2025-07-21,31.5,26.3,0.90,0.90,8.0,8932.30,51,126,79,5.8
2025-07-22,34.5,26.1,0.40,0.40,3.0,39031.70,51,247,74,5.6
2025-07-23,33.5,27.1,4.40,4.40,8.0,39123.72,61,264,79,9.3
2025-07-24,35.6,26.2,0.60,0.60,1.0,41345.11,53,291,71,9.9
2025-07-25,36.3,26.6,0.00,0.00,0.0,40622.62,3,314,66,10.7
2025-07-26,36.0,27.4,2.80,2.80,4.0,38839.31,61,174,73,8.0
2025-07-27,36.7,29.0,1.30,1.30,4.0,41265.47,53,94,66,12.5
2025-07-28,37.5,27.8,0.40,0.40,3.0,39366.34,51,124,67,9.8
2025-07-29,32.3,26.5,7.30,7.30,10.0,34063.43,63,99,81,6.7
2025-07-30,32.0,25.5,27.00,27.00,21.0,24394.16,65,114,88,10.0
2025-07-31,31.5,25.5,13.60,13.60,14.0,25317.55,63,147,87,8.6
2025-08-01,32.0,25.6,5.50,5.50,8.0,28097.87,63,238,84,8.5
2025-08-02,32.8,26.1,1.80,1.80,6.0,27430.79,53,245,77,11.4
2025-08-03,33.2,26.1,1.10,1.10,4.0,34497.88,53,261,78,11.2
2025-08-04,31.2,26.2,0.00,0.00,0.0,874.06,3,236,81,11.3
2025-08-05,29.9,26.5,9.00,9.00,7.0,4241.24,63,202,84,11.4
2025-08-06,32.2,26.4,0.70,0.70,3.0,19228.13,51,250,79,8.4
2025-08-07,34.1,26.2,0.00,0.00,0.0,43200.00,3,274,70,12.8
2025-08-08,33.3,26.6,0.00,0.00,0.0,19979.57,3,261,72,11.2
2025-08-09,30.9,26.1,10.80,10.80,6.0,11459.05,63,297,85,7.3
2025-08-10,32.5,26.1,1.20,1.20,9.0,36156.21,51,279,80,7.1
2025-08-11,34.0,26.6,3.60,3.60,4.0,29159.37,63,260,78,11.0
2025-08-12,33.3,26.9,0.00,0.00,0.0,25688.02,3,263,78,8.4
2025-08-13,33.7,27.0,0.00,0.00,0.0,28383.92,3,261,73,8.2
2025-08-14,29.6,25.6,8.20,8.20,11.0,2961.21,61,95,90,6.6
2025-08-15,31.8,25.4,2.30,2.30,11.0,38942.33,53,110,85,7.3
2025-08-16,31.1,26.5,9.90,9.90,4.0,22475.65,63,97,86,7.8
2025-08-17,32.2,27.4,2.80,2.80,4.0,27373.17,61,83,86,9.5
2025-08-18,32.0,27.0,11.60,11.60,6.0,37948.00,63,89,82,13.8
2025-08-19,32.0,26.8,5.90,5.90,7.0,39931.35,63,93,80,11.4
2025-08-20,32.7,25.3,19.30,19.30,13.0,35387.89,65,93,79,11.4
2025-08-21,33.8,25.4,2.30,2.30,9.0,38316.70,53,100,75,12.3
2025-08-22,34.7,25.8,4.60,4.60,8.0,36106.05,61,116,73,7.1
2025-08-23,32.6,25.9,6.60,6.60,10.0,27431.95,63,80,84,10.0
2025-08-24,31.4,24.6,18.80,18.80,15.0,32579.43,63,99,86,12.7
2025-08-25,29.5,24.8,9.20,9.20,21.0,12106.81,61,115,88,15.6
2025-08-26,30.1,25.4,4.50,4.50,12.0,22774.89,61,121,88,17.9
2025-08-27,32.7,25.4,3.40,3.40,9.0,38996.64,61,120,85,8.6
2025-08-28,32.5,25.1,14.50,14.50,15.0,33695.27,63,123,86,9.7
2025-08-29,31.6,25.2,2.60,2.60,7.0,19657.18,55,110,87,12.5
2025-08-30,31.9,25.5,4.90,4.90,7.0,27891.71,63,106,83,11.8
2025-08-31,30.1,24.2,24.10,24.10,21.0,13182.86,63,122,91,15.6
2025-09-01,29.1,24.0,40.10,40.10,23.0,18641.05,63,121,92,16.8
2025-09-02,27.0,24.0,10.60,10.60,14.0,4270.65,63,118,92,15.5
2025-09-03,29.1,24.1,22.80,22.80,18.0,21693.36,65,69,88,10.7
2025-09-04,31.6,23.9,8.50,8.50,5.0,26737.13,63,49,86,10.9
2025-09-05,31.2,24.6,9.50,9.50,11.0,35505.70,63,89,84,16.3
2025-09-06,31.6,24.7,7.00,7.00,9.0,35786.95,63,107,85,12.2
2025-09-07,32.1,24.9,2.10,2.10,4.0,39358.06,53,118,85,9.1
2025-09-08,32.0,25.2,0.70,0.70,6.0,41879.76,51,164,81,6.5
2025-09-09,32.5,25.8,0.50,0.50,3.0,42013.16,51,286,75,10.7
2025-09-10,33.3,25.3,0.00,0.00,0.0,42046.61,3,287,72,15.3
2025-09-11,33.1,25.0,0.00,0.00,0.0,40843.46,3,281,68,15.1
2025-09-12,33.8,25.0,0.20,0.20,2.0,41589.78,51,283,64,11.8
2025-09-13,35.5,26.8,0.30,0.30,3.0,37000.78,51,284,56,11.2
2025-09-14,36.6,27.7,0.00,0.00,0.0,41135.18,3,288,54,11.1
2025-09-15,36.8,28.0,0.00,0.00,0.0,40155.00,3,270,51,13.1
2025-09-16,37.0,27.6,0.00,0.00,0.0,40682.10,3,283,56,10.1
2025-09-17,36.3,25.8,0.30,0.30,2.0,40193.90,51,26,62,10.1
2025-09-18,35.0,25.5,2.20,2.20,5.0,40229.89,53,43,64,8.8
2025-09-19,35.4,27.3,0.80,0.80,2.0,40527.84,53,319,60,10.9
2025-09-20,36.2,26.3,0.00,0.00,0.0,40563.72,1,302,54,15.2
2025-09-21,36.5,26.0,0.00,0.00,0.0,40337.58,1,296,52,14.4
2025-09-22,37.1,26.6,0.00,0.00,0.0,40373.21,0,293,48,15.8
2025-09-23,36.8,26.6,0.00,0.00,0.0,40146.67,1,296,47,16.3
2025-09-24,36.2,26.2,0.00,0.00,0.0,40181.91,0,295,51,15.3
2025-09-25,36.3,26.2,0.00,0.00,0.0,39955.36,0,300,50,13.4
2025-09-26,37.0,25.8,0.00,0.00,0.0,39728.96,0,323,53,13.9
2025-09-27,38.5,26.9,0.40,0.40,2.0,39600.00,51,50,54,8.1
2025-09-28,37.0,28.6,0.00,0.00,0.0,39600.00,0,105,57,13.1
2025-09-29,36.8,24.9,7.20,7.20,4.0,39600.00,63,123,57,8.2
2025-09-30,34.2,24.9,0.30,0.30,1.0,29323.84,51,225,68,5.9
2025-10-01,33.0,24.0,3.20,3.20,5.0,38718.22,61,154,77,9.5
2025-10-02,32.3,24.7,2.20,2.20,6.0,39198.71,53,96,73,10.3
2025-10-03,33.7,25.1,0.20,0.20,2.0,39600.00,51,73,69,7.9
2025-10-04,34.5,25.0,0.00,0.00,0.0,39600.00,3,296,60,12.4
2025-10-05,34.2,22.4,9.90,9.90,5.0,39600.00,65,274,65,14.5
2025-10-06,29.3,21.8,7.90,7.90,7.0,8893.50,63,107,85,10.3
2025-10-07,28.8,20.4,6.60,6.60,10.0,32041.05,63,147,87,10.8
2025-10-08,26.2,20.4,0.70,0.70,3.0,30109.37,53,314,85,10.3
2025-10-09,28.4,19.5,0.10,0.10,1.0,39531.02,51,304,73,8.5
2025-10-10,28.6,19.4,0.00,0.00,0.0,39600.00,0,282,68,5.9
2025-10-11,29.0,19.5,0.00,0.00,0.0,39600.00,1,291,68,9.6
2025-10-12,30.6,20.6,0.00,0.00,0.0,39600.00,0,311,63,10.1
2025-10-13,31.6,20.5,0.00,0.00,0.0,39600.00,0,313,58,7.1
2025-10-14,31.8,21.1,0.00,0.00,0.0,39600.00,0,328,51,7.0
2025-10-15,31.9,20.1,0.00,0.00,0.0,39600.00,0,304,51,8.5
2025-10-16,31.5,20.3,0.00,0.00,0.0,39600.00,0,307,53,7.3
2025-10-17,32.2,20.4,0.00,0.00,0.0,39600.00,0,314,56,7.6
2025-10-18,33.2,21.7,0.00,0.00,0.0,39490.41,0,315,54,5.7
2025-10-19,33.6,23.0,0.00,0.00,0.0,38789.86,1,3,51,6.5
2025-10-20,33.2,22.5,0.00,0.00,0.0,38833.62,1,79,54,8.5
2025-10-21,31.0,23.4,0.60,0.60,5.0,36773.29,51,138,60,6.9
2025-10-22,32.0,21.2,0.00,0.00,0.0,36386.52,1,304,53,9.9
2025-10-23,31.8,20.0,0.00,0.00,0.0,39403.93,0,308,47,9.7
2025-10-24,32.2,20.0,0.00,0.00,0.0,39160.28,0,308,45,9.2
2025-10-25,31.9,20.1,0.00,0.00,0.0,38916.07,0,7,45,8.5
2025-10-26,32.1,19.4,0.00,0.00,0.0,38944.80,3,91,46,5.2
2025-10-27,30.6,19.9,0.00,0.00,0.0,25402.35,3,127,57,13.6
2025-10-28,27.5,20.5,0.00,0.00,0.0,6924.47,3,103,70,6.6
2025-10-29,29.2,20.0,0.00,0.00,0.0,34453.29,3,5,64,8.3
2025-10-30,27.8,22.4,0.00,0.00,0.0,1974.10,3,144,77,5.5
2025-10-31,30.5,20.9,0.20,0.20,2.0,32326.44,51,281,71,8.4
2025-11-01,31.1,19.5,0.00,0.00,0.0,37186.33,0,287,58,10.2
2025-11-02,29.5,18.6,0.00,0.00,0.0,37767.52,0,283,57,12.7
2025-11-03,30.6,17.8,0.00,0.00,0.0,38073.25,3,279,53,14.0
2025-11-04,29.8,18.6,0.00,0.00,0.0,36622.77,3,152,62,10.0
2025-11-05,29.5,16.9,0.00,0.00,0.0,36957.57,1,304,54,11.3
2025-11-06,26.7,15.7,0.00,0.00,0.0,37799.82,0,295,46,10.7
2025-11-07,27.8,15.0,0.00,0.00,0.0,37510.66,0,287,45,9.5
2025-11-08,27.1,13.9,0.00,0.00,0.0,37502.19,0,294,44,10.2
2025-11-09,27.0,13.8,0.00,0.00,0.0,37188.00,0,292,47,9.2
2025-11-10,27.4,13.6,0.00,0.00,0.0,36680.61,3,290,46,9.0
2025-11-11,27.5,13.2,0.00,0.00,0.0,36736.03,0,292,48,10.6
2025-11-12,27.5,13.6,0.00,0.00,0.0,36224.32,0,289,50,12.6
2025-11-13,26.2,12.8,0.00,0.00,0.0,35992.92,0,288,52,9.6
2025-11-14,26.1,12.9,0.00,0.00,0.0,35761.31,0,287,51,9.5
2025-11-15,26.6,12.4,0.00,0.00,0.0,35812.04,0,289,52,10.3
2025-11-16,27.0,12.1,0.00,0.00,0.0,35290.93,0,299,50,11.2
2025-11-17,26.2,11.9,0.00,0.00,0.0,35051.89,0,287,52,6.3
2025-11-18,26.0,13.1,0.00,0.00,0.0,34525.05,0,291,62,7.9
2025-11-19,26.4,13.2,0.00,0.00,0.0,34569.38,1,141,61,5.4
2025-11-20,26.5,13.9,0.00,0.00,0.0,34037.23,0,217,63,5.1
2025-11-21,26.5,15.0,0.00,0.00,0.0,34078.26,0,196,60,5.6
2025-11-22,26.3,13.9,0.00,0.00,0.0,34407.85,0,287,56,7.7
2025-11-23,26.0,13.3,0.00,0.00,0.0,34446.91,0,288,58,7.6
2025-11-24,25.0,12.2,0.00,0.00,0.0,34373.90,0,299,58,6.5
2025-11-25,24.1,11.2,0.00,0.00,0.0,34385.90,0,291,58,8.5
2025-11-26,24.0,11.2,0.00,0.00,0.0,34396.98,0,320,57,5.1
2025-11-27,24.5,11.8,0.00,0.00,0.0,34114.73,0,17,61,4.3
2025-11-28,25.5,11.6,0.00,0.00,0.0,33830.53,1,305,59,7.6
2025-11-29,26.0,12.4,0.00,0.00,0.0,33837.81,3,310,52,11.1
2025-11-30,23.7,11.1,0.00,0.00,0.0,34138.04,3,288,49,12.8
2025-12-01,24.5,9.8,0.00,0.00,0.0,34143.98,0,330,53,6.1
2025-12-02,25.5,11.1,0.00,0.00,0.0,33559.34,1,324,56,8.0
2025-12-03,23.0,10.1,0.00,0.00,0.0,34448.33,2,302,55,9.8
2025-12-04,22.1,9.4,0.00,0.00,0.0,34451.92,3,288,55,10.3
2025-12-05,22.0,8.3,0.00,0.00,0.0,34158.45,3,281,57,7.1
2025-12-06,23.8,10.1,0.00,0.00,0.0,32973.67,3,281,52,12.5
2025-12-07,24.4,10.7,0.00,0.00,0.0,33566.35,3,282,57,9.8
2025-12-08,25.4,11.7,0.00,0.00,0.0,34456.94,0,284,53,12.4
2025-12-09,24.6,11.6,0.00,0.00,0.0,34455.84,3,283,55,11.3
2025-12-10,24.2,11.7,0.00,0.00,0.0,34453.79,0,286,58,9.1
2025-12-11,24.8,10.5,0.00,0.00,0.0,34450.84,0,279,62,10.0
2025-12-12,24.5,10.1,0.00,0.00,0.0,34446.89,3,311,64,4.5
2025-12-13,24.6,12.1,0.00,0.00,0.0,31209.37,3,100,68,3.7
2025-12-14,24.3,11.6,0.00,0.00,0.0,32400.00,3,292,70,4.7
2025-12-15,23.4,10.3,0.00,0.00,0.0,33769.96,3,279,72,7.4
2025-12-16,23.5,11.6,0.00,0.00,0.0,34719.39,1,286,70,11.2
2025-12-17,23.9,11.4,0.00,0.00,0.0,35009.52,3,284,71,9.3
2025-12-18,22.6,11.1,0.00,0.00,0.0,34999.00,3,306,77,7.5
2025-12-19,22.0,10.2,0.00,0.00,0.0,31832.58,3,283,77,6.9
2025-12-20,22.0,9.3,0.00,0.00,0.0,30701.25,3,116,78,6.3
2025-12-21,20.7,10.7,0.00,0.00,0.0,27460.91,3,125,81,5.5
2025-12-22,21.6,11.9,0.00,0.00,0.0,26111.44,3,257,82,6.4
2025-12-23,23.1,11.5,0.00,0.00,0.0,30040.85,3,288,78,9.5
2025-12-24,21.4,10.1,0.00,0.00,0.0,35779.70,0,279,66,11.4
2025-12-25,21.5,9.2,0.00,0.00,0.0,35814.50,3,275,64,6.7
2025-12-26,20.9,9.9,0.00,0.00,0.0,29777.46,3,308,72,8.2
2025-12-27,20.5,9.3,0.00,0.00,0.0,29037.73,3,287,78,7.1
2025-12-28,20.7,9.1,0.00,0.00,0.0,31634.88,3,283,80,6.3
2025-12-29,19.7,9.7,0.00,0.00,0.0,25146.07,3,277,82,5.2
2025-12-30,20.5,9.1,0.00,0.00,0.0,29375.00,3,275,77,7.4
2025-12-31,19.3,9.0,0.00,0.00,0.0,29860.78,3,115,85,10.4
2026-01-01,16.9,10.9,2.50,2.50,2.0,2980.12,61,234,89,10.2
2026-01-02,17.6,11.4,0.00,0.00,0.0,34749.27,3,303,78,9.7
2026-01-03,17.4,8.8,0.00,0.00,0.0,23927.51,3,292,77,6.4
2026-01-04,17.1,8.6,0.00,0.00,0.0,31162.61,3,306,78,8.3
2026-01-05,17.5,8.5,0.00,0.00,0.0,35594.55,3,306,81,8.3
2026-01-06,17.2,7.2,0.00,0.00,0.0,32400.00,3,296,85,7.8
2026-01-07,15.6,8.3,0.00,0.00,0.0,22384.73,3,306,89,9.6
2026-01-08,14.4,7.1,0.00,0.00,0.0,24169.09,3,345,88,5.7
2026-01-09,17.4,7.2,0.40,0.40,1.0,29545.39,51,342,82,5.9
2026-01-10,17.2,6.3,0.00,0.00,0.0,36000.00,0,296,80,7.8
2026-01-11,16.5,5.4,0.00,0.00,0.0,36000.00,0,293,76,9.3
2026-01-12,17.3,4.3,0.00,0.00,0.0,36000.00,2,320,71,5.9
2026-01-13,18.2,4.5,0.00,0.00,0.0,31162.98,3,307,79,8.8
2026-01-14,17.0,5.5,0.00,0.00,0.0,28800.00,3,299,79,8.4
2026-01-15,17.5,5.7,0.00,0.00,0.0,29670.69,3,290,78,9.7
2026-01-16,20.2,5.5,0.00,0.00,0.0,36000.00,3,306,70,7.9
2026-01-17,22.4,7.1,0.00,0.00,0.0,34135.47,3,79,74,4.8
2026-01-18,22.2,8.0,0.00,0.00,0.0,28149.95,3,106,78,6.0
2026-01-19,24.8,10.1,0.00,0.00,0.0,36000.00,0,356,64,6.2
2026-01-20,24.2,9.4,0.00,0.00,0.0,36000.00,2,299,64,8.4
2026-01-21,23.2,9.2,0.00,0.00,0.0,34788.29,2,303,65,9.2
2026-01-22,25.4,9.4,0.00,0.00,0.0,36000.00,3,132,61,16.0
2026-01-23,17.3,9.7,29.70,29.70,18.0,7200.00,65,129,87,17.0
2026-01-24,16.4,7.2,0.00,0.00,0.0,35886.37,3,320,66,10.4
2026-01-25,16.5,6.5,0.00,0.00,0.0,36000.00,3,276,77,9.4
2026-01-26,18.6,5.9,0.00,0.00,0.0,36000.00,3,111,77,7.0
2026-01-27,19.7,11.2,13.80,13.80,8.0,31770.93,65,121,84,13.9
2026-01-28,18.4,9.8,0.00,0.00,0.0,18742.40,3,308,85,8.2
2026-01-29,18.4,9.7,0.00,0.00,0.0,27697.83,3,296,86,9.1
2026-01-30,19.5,9.1,0.00,0.00,0.0,32115.01,3,272,84,6.7
2026-01-31,20.0,8.8,2.30,2.30,2.0,27838.50,61,122,84,14.3
2026-02-01,21.0,12.5,0.40,0.40,1.0,36000.00,51,142,85,8.6
2026-02-02,20.0,10.8,0.00,0.00,0.0,26581.74,3,290,88,8.4
2026-02-03,19.7,10.2,0.00,0.00,0.0,28842.88,3,317,82,6.2
2026-02-04,20.3,10.4,0.00,0.00,0.0,36000.00,3,302,78,9.4
2026-02-05,21.4,9.9,0.00,0.00,0.0,36000.00,2,291,71,11.9
2026-02-06,22.7,10.8,0.00,0.00,0.0,36000.00,1,289,68,13.6
2026-02-07,23.7,12.2,0.00,0.00,0.0,36000.00,2,294,68,14.8
2026-02-08,22.9,10.9,0.00,0.00,0.0,36000.00,3,286,61,11.4
2026-02-09,24.7,10.6,0.00,0.00,0.0,32514.86,3,125,59,6.2
2026-02-10,27.5,11.9,0.00,0.00,0.0,36000.00,3,107,59,9.8
2026-02-11,26.8,14.1,0.00,0.00,0.0,36064.68,1,317,56,11.4
2026-02-12,25.0,12.6,0.00,0.00,0.0,36039.91,3,288,55,11.8
2026-02-13,25.5,12.2,0.00,0.00,0.0,36288.28,3,282,54,8.7
2026-02-14,27.0,12.4,0.00,0.00,0.0,36263.38,3,283,54,10.7
2026-02-15,28.2,13.4,0.00,0.00,0.0,36510.66,0,281,52,11.6
2026-02-16,30.2,13.4,0.00,0.00,0.0,36214.14,2,92,52,11.4
2026-02-17,29.9,16.4,0.00,0.00,0.0,36460.89,3,128,53,11.0
2026-02-18,23.5,13.9,0.20,0.20,2.0,13204.58,51,350,76,10.7
2026-02-19,26.5,13.7,0.00,0.00,0.0,36141.86,2,341,66,6.7
2026-02-20,28.0,14.7,0.00,0.00,0.0,36657.64,0,296,61,9.9
2026-02-21,27.4,15.0,0.00,0.00,0.0,36902.67,0,284,61,10.5
2026-02-22,28.5,14.6,0.00,0.00,0.0,36878.23,0,279,56,8.6
2026-02-23,29.4,15.3,0.00,0.00,0.0,37187.59,0,312,54,9.8
2026-02-24,29.4,15.9,0.00,0.00,0.0,37132.33,0,329,54,10.8
2026-02-25,29.2,15.1,0.00,0.00,0.0,37612.12,0,287,45,10.7
2026-02-26,30.0,15.6,0.00,0.00,0.0,37556.32,0,284,43,14.7
2026-02-27,31.0,16.2,0.00,0.00,0.0,37767.65,3,267,43,9.9
2026-02-28,31.7,17.6,0.00,0.00,0.0,37270.77,3,301,43,12.8
2026-03-01,30.7,17.2,0.00,0.00,0.0,38188.69,1,289,45,15.9
2026-03-02,30.8,17.2,0.00,0.00,0.0,38398.63,0,295,44,16.4
2026-03-03,31.5,17.8,0.00,0.00,0.0,38874.05,0,287,42,17.8
2026-03-04,33.1,18.1,0.00,0.00,0.0,38817.95,0,296,45,16.3
2026-03-05,34.0,20.9,0.00,0.00,0.0,39026.56,0,298,45,15.9
2026-03-06,34.6,19.5,0.00,0.00,0.0,39499.50,0,308,51,11.0
2026-03-07,35.5,20.4,0.00,0.00,0.0,39707.02,0,269,51,8.4
2026-03-08,36.0,21.6,0.00,0.00,0.0,39649.81,3,287,44,11.9
2026-03-09,35.3,20.6,0.00,0.00,0.0,37479.57,3,310,53,11.2
2026-03-10,35.3,22.0,0.00,0.00,0.0,39272.01,3,319,52,10.3
2026-03-11,36.5,20.8,0.00,0.00,0.0,41060.95,3,280,37,16.6
2026-03-12,36.0,20.8,0.00,0.00,0.0,38104.89,3,279,37,16.2
2026-03-13,32.6,21.1,0.00,0.00,0.0,38839.61,3,304,43,14.0
2026-03-14,33.0,19.0,1.10,1.10,1.0,38712.97,55,291,38,12.0
2026-03-15,27.7,17.8,1.00,1.00,4.0,35226.89,53,91,55,14.4
2026-03-16,30.9,17.4,0.00,0.00,0.0,42355.52,3,113,50,16.5
2026-03-17,31.2,17.0,0.00,0.00,0.0,41773.86,3,346,53,10.0
2026-03-18,32.2,18.9,5.40,5.40,7.0,38528.45,63,36,58,11.8
2026-03-19,27.1,16.9,3.10,3.10,3.0,32029.51,61,334,72,16.4
2026-03-20,20.5,15.1,2.60,2.60,7.0,15197.16,55,310,88,9.5
2026-03-21,25.5,14.9,0.00,0.00,0.0,30828.31,3,314,74,8.7
2026-03-22,27.1,15.9,0.10,0.10,1.0,43055.98,51,303,66,11.3
2026-03-23,26.6,17.9,6.20,6.20,4.0,19614.59,63,237,74,11.2
2026-03-24,29.5,18.0,0.00,0.00,0.0,43200.00,3,304,61,12.0
2026-03-25,31.0,17.9,0.00,0.00,0.0,43200.00,3,294,53,11.2
2026-03-26,34.2,20.6,0.00,0.00,0.0,36647.07,3,301,47,14.5
2026-03-27,29.0,20.4,0.30,0.30,3.0,35085.09,51,326,54,11.8
2026-03-28,32.8,20.2,0.00,0.00,0.0,42550.36,3,289,45,10.1
2026-03-29,34.6,22.6,0.20,0.20,1.0,40822.43,51,111,49,12.4
2026-03-30,35.2,21.4,0.00,0.00,0.0,31360.08,3,283,52,23.6
2026-03-31,34.0,20.0,1.00,1.00,3.0,37649.79,53,358,54,13.1
2026-04-01,33.3,19.7,0.00,0.00,0.0,35162.37,3,25,48,8.0
2026-04-02,34.9,21.8,0.00,0.00,0.0,37256.52,3,122,42,11.0
2026-04-03,32.4,21.4,0.80,0.80,3.0,28301.47,53,298,57,15.0
2026-04-04,30.4,20.1,0.60,0.60,1.0,23192.13,53,290,58,8.9
2026-04-05,30.0,20.5,0.30,0.30,1.0,39788.14,51,316,48,12.8
2026-04-06,31.5,21.2,0.00,0.00,0.0,41743.55,3,282,36,14.2
2026-04-07,29.1,17.5,9.50,9.50,12.0,24918.49,63,118,65,16.7
2026-04-08,25.5,16.8,1.90,1.90,6.0,35696.73,53,85,71,10.8
2026-04-09,28.6,16.1,0.00,0.00,0.0,40982.83,1,344,58,11.8
2026-04-10,31.2,17.9,0.00,0.00,0.0,43200.00,1,300,38,19.5
2026-04-11,33.0,21.5,0.00,0.00,0.0,41684.47,3,324,35,13.9
2026-04-12,33.9,21.6,0.00,0.00,0.0,43169.30,0,316,32,15.1
2026-04-13,34.7,21.2,0.00,0.00,0.0,43200.00,3,299,30,14.1
2026-04-14,37.7,22.5,0.00,0.00,0.0,43036.94,1,309,27,11.8
2026-04-15,38.7,23.2,0.00,0.00,0.0,43200.00,1,307,24,14.5
2026-04-16,39.9,25.0,0.00,0.00,0.0,40538.34,3,319,25,13.6
2026-04-17,40.8,24.6,0.00,0.00,0.0,38897.97,3,148,29,15.5
2026-04-18,40.3,24.4,0.00,0.00,0.0,42970.95,3,291,28,11.1
2026-04-19,40.0,25.6,0.00,0.00,0.0,38606.66,3,300,23,16.2
2026-04-20,39.2,25.2,0.00,0.00,0.0,42679.70,3,295,22,16.2
2026-04-21,38.8,25.6,0.00,0.00,0.0,42625.35,3,285,22,18.3
2026-04-22,40.5,25.4,0.00,0.00,0.0,42742.77,0,283,22,15.9
2026-04-23,41.2,28.0,0.00,0.00,0.0,42520.59,0,259,21,12.3
2026-04-24,42.1,27.8,0.00,0.00,0.0,40635.41,3,295,24,10.8
2026-04-25,42.2,28.9,0.00,0.00,0.0,37809.80,3,307,25,18.4
2026-04-26,41.7,28.4,0.00,0.00,0.0,37071.82,3,299,25,20.6
2026-04-27,42.3,29.0,0.00,0.00,0.0,41517.48,3,288,23,19.6
2026-04-28,37.2,27.4,0.30,0.30,1.0,36431.51,51,7,35,10.1
2026-04-29,37.3,27.1,0.00,0.00,0.0,34401.25,3,87,38,8.9
2026-04-30,37.7,23.1,0.00,0.00,0.0,41563.61,2,131,44,13.6
2026-05-01,36.0,23.4,0.00,0.00,0.0,41837.39,3,103,48,9.6
2026-05-02,35.8,26.4,0.20,0.20,1.0,40106.75,51,133,40,13.0
2026-05-03,34.3,22.0,2.50,2.50,5.0,41912.26,61,95,51,19.0
2026-05-04,30.2,21.4,2.30,2.30,3.0,30771.32,61,99,65,16.0
2026-05-05,30.1,21.6,0.60,0.60,2.0,39663.54,51,72,63,11.7
2026-05-06,34.4,22.7,0.00,0.00,0.0,40908.46,2,74,43,12.7
2026-05-07,30.4,22.2,0.00,0.00,0.0,40081.80,3,113,57,18.1
2026-05-08,34.0,22.5,0.40,0.40,2.0,37596.81,51,103,52,13.9
2026-05-09,35.5,24.6,0.00,0.00,0.0,41255.39,1,92,47,11.8
2026-05-10,37.7,26.5,0.00,0.00,0.0,40510.95,3,90,42,13.9
2026-05-11,37.8,27.6,0.00,0.00,0.0,35284.98,3,109,42,9.7
2026-05-12,39.0,27.2,6.60,6.60,4.0,40837.66,63,109,48,22.8
2026-05-13,39.5,27.2,0.20,0.20,1.0,42108.19,51,109,45,10.4
2026-05-14,39.7,27.0,0.30,0.30,1.0,42071.70,51,331,37,12.7
2026-05-15,40.2,29.0,0.00,0.00,0.0,41489.54,2,309,31,15.9
2026-05-16,40.5,28.8,0.00,0.00,0.0,41730.43,1,317,27,17.3
2026-05-17,41.3,30.1,0.00,0.00,0.0,41698.89,1,302,25,20.5
2026-05-18,43.5,30.2,0.00,0.00,0.0,42201.77,1,293,25,17.7
2026-05-19,44.6,31.9,0.00,0.00,0.0,42432.59,0,285,17,16.6
2026-05-20,43.9,32.5,0.00,0.00,0.0,42621.28,1,268,20,12.3
2026-05-21,43.0,32.3,0.00,0.00,0.0,42576.47,1,268,20,17.5
2026-05-22,42.4,31.9,0.00,0.00,0.0,41497.63,1,307,21,14.2
2026-05-23,41.5,30.8,0.00,0.00,0.0,42426.98,1,299,21,19.0
2026-05-24,42.5,30.5,0.00,0.00,0.0,42067.36,1,280,19,16.9
2026-05-25,43.2,32.1,0.10,0.10,1.0,42536.95,51,287,19,15.6
