time,temperature_2m_max (°C),temperature_2m_min (°C),rain_sum (mm),precipitation_sum (mm),precipitation_hours (h),sunshine_duration (s),wind_speed_10m_max (km/h),weather_code (wmo code),wind_direction_10m_dominant (°),relative_humidity_2m_mean (%)
2023-01-01,30.0,19.6,0.00,0.00,0.0,37725.48,9.1,3,98,61
2023-01-02,29.4,18.0,0.00,0.00,0.0,37733.08,10.7,1,102,64
2023-01-03,28.6,18.0,0.00,0.00,0.0,36146.39,8.4,3,114,66
2023-01-04,28.6,17.8,0.00,0.00,0.0,36950.54,11.5,3,103,69
2023-01-05,26.8,18.0,1.00,1.00,9.0,32400.00,12.5,51,106,78
2023-01-06,27.1,17.8,0.20,0.20,2.0,33824.77,10.8,51,66,74
2023-01-07,27.0,13.9,0.00,0.00,0.0,37233.58,12.9,1,40,61
2023-01-08,26.1,13.1,0.00,0.00,0.0,38121.15,11.5,0,35,52
2023-01-09,27.0,11.1,0.00,0.00,0.0,38335.59,10.2,0,42,51
2023-01-10,28.3,12.6,0.00,0.00,0.0,38086.92,9.0,0,53,53
2023-01-11,28.2,12.9,0.00,0.00,0.0,38330.87,10.8,0,169,54
2023-01-12,29.0,13.4,0.00,0.00,0.0,38048.88,8.9,0,229,60
2023-01-13,29.0,16.1,0.00,0.00,0.0,38029.50,8.7,2,161,54
2023-01-14,29.3,16.2,0.00,0.00,0.0,38009.46,10.3,2,136,57
2023-01-15,29.2,15.9,0.00,0.00,0.0,37727.11,9.7,0,125,59
2023-01-16,29.6,15.4,0.00,0.00,0.0,38228.33,10.7,0,137,52
2023-01-17,29.5,14.9,0.00,0.00,0.0,38466.62,9.9,0,145,52
2023-01-18,29.5,15.0,0.00,0.00,0.0,38183.77,9.8,3,128,57
2023-01-19,28.8,15.6,0.00,0.00,0.0,38159.74,10.8,0,118,58
2023-01-20,28.1,16.2,0.00,0.00,0.0,37876.39,11.3,3,142,61
2023-01-21,28.2,15.2,0.00,0.00,0.0,38369.50,10.0,1,105,58
2023-01-22,28.4,15.0,0.00,0.00,0.0,38085.05,9.9,1,122,63
2023-01-23,27.8,15.8,0.00,0.00,0.0,37800.25,13.7,0,106,65
2023-01-24,29.0,16.8,0.00,0.00,0.0,37515.20,13.8,3,124,61
2023-01-25,28.4,15.1,0.00,0.00,0.0,38518.90,15.3,3,122,66
2023-01-26,29.0,14.6,0.00,0.00,0.0,39004.16,14.3,1,112,55
2023-01-27,28.8,15.4,0.00,0.00,0.0,38974.02,12.2,0,81,56
2023-01-28,29.8,15.8,0.00,0.00,0.0,38943.42,10.6,0,117,53
2023-01-29,29.1,15.1,0.00,0.00,0.0,37689.21,16.1,3,123,60
2023-01-30,29.2,17.4,0.00,0.00,0.0,36268.04,17.9,3,115,66
2023-01-31,30.0,17.0,0.00,0.00,0.0,37064.99,11.2,3,77,59
2023-02-01,29.9,17.5,0.00,0.00,0.0,36636.77,16.1,3,46,55
2023-02-02,29.3,16.6,0.00,0.00,0.0,39293.30,16.9,3,49,43
2023-02-03,29.8,15.1,0.00,0.00,0.0,39767.36,10.5,0,51,39
2023-02-04,30.3,15.6,0.00,0.00,0.0,39986.33,11.5,0,51,45
2023-02-05,30.4,15.9,0.00,0.00,0.0,40204.52,10.5,0,90,45
2023-02-06,30.7,16.3,0.00,0.00,0.0,39412.80,10.2,3,132,51
2023-02-07,31.4,17.4,0.00,0.00,0.0,37825.75,10.1,3,157,50
2023-02-08,32.5,18.2,0.00,0.00,0.0,40098.96,10.5,3,43,55
2023-02-09,32.3,17.6,0.00,0.00,0.0,40314.36,8.8,3,58,46
2023-02-10,32.8,16.8,0.00,0.00,0.0,40779.27,11.8,3,48,39
2023-02-11,33.5,16.5,0.00,0.00,0.0,41033.93,9.4,3,48,37
2023-02-12,33.2,17.2,0.00,0.00,0.0,41060.61,12.9,1,18,36
2023-02-13,31.6,15.6,0.00,0.00,0.0,41139.78,15.3,0,31,35
2023-02-14,31.6,14.4,0.00,0.00,0.0,41193.59,12.3,0,24,33
2023-02-15,32.8,17.4,0.00,0.00,0.0,41247.93,13.8,3,29,31
2023-02-16,33.3,17.3,0.00,0.00,0.0,41302.73,18.1,0,32,32
2023-02-17,32.5,17.4,0.00,0.00,0.0,41357.93,11.6,0,10,36
2023-02-18,31.5,18.5,0.00,0.00,0.0,41413.49,9.1,0,93,42
2023-02-19,31.6,18.9,0.00,0.00,0.0,41469.36,10.8,0,97,49
2023-02-20,32.8,16.9,0.00,0.00,0.0,41525.47,9.5,0,112,43
2023-02-21,34.2,17.0,0.00,0.00,0.0,41581.79,10.5,0,118,39
2023-02-22,34.8,17.4,0.00,0.00,0.0,41638.26,10.2,3,110,37
2023-02-23,34.3,17.3,0.00,0.00,0.0,41694.84,11.6,0,113,38
2023-02-24,34.4,20.5,0.00,0.00,0.0,41751.45,11.2,1,97,34
2023-02-25,34.6,18.9,0.00,0.00,0.0,41808.09,11.4,0,92,30
2023-02-26,33.7,18.6,0.00,0.00,0.0,41864.66,11.7,0,127,32
2023-02-27,33.2,17.8,0.00,0.00,0.0,41921.12,14.5,0,133,35
2023-02-28,32.9,18.5,0.00,0.00,0.0,41977.77,15.4,0,121,33
2023-03-01,32.8,19.0,0.00,0.00,0.0,42034.89,15.8,0,122,33
2023-03-02,33.2,18.4,0.00,0.00,0.0,42092.48,14.2,0,124,31
2023-03-03,34.2,18.0,0.00,0.00,0.0,41832.89,17.9,1,109,33
2023-03-04,34.0,18.7,0.00,0.00,0.0,41767.09,13.7,3,125,31
2023-03-05,34.0,18.6,0.00,0.00,0.0,42267.52,13.7,0,125,34
2023-03-06,34.4,18.2,0.00,0.00,0.0,42326.46,14.9,0,140,31
2023-03-07,32.0,19.3,0.00,0.00,0.0,41231.02,18.0,2,15,41
2023-03-08,33.2,19.0,0.00,0.00,0.0,39394.57,11.4,3,91,38
2023-03-09,33.5,19.8,0.00,0.00,0.0,39439.74,12.6,3,111,35
2023-03-10,33.8,20.0,0.00,0.00,0.0,42306.50,11.2,1,108,37
2023-03-11,33.3,19.2,0.00,0.00,0.0,41616.38,13.7,1,103,40
2023-03-12,33.7,18.8,0.00,0.00,0.0,42683.52,15.6,1,107,39
2023-03-13,33.8,18.9,0.00,0.00,0.0,39733.00,12.4,3,123,32
2023-03-14,34.5,20.1,0.00,0.00,0.0,31454.77,13.1,3,119,25
2023-03-15,34.8,18.5,0.00,0.00,0.0,36951.16,14.3,3,115,38
2023-03-16,31.0,19.0,32.90,32.90,12.0,36000.00,15.1,65,82,75
2023-03-17,26.8,18.9,11.20,11.20,9.0,25752.40,18.0,63,120,81
2023-03-18,26.5,18.6,13.10,13.10,13.0,25146.53,14.8,63,110,86
2023-03-19,29.0,17.6,0.00,0.00,0.0,42798.36,14.0,3,136,73
2023-03-20,29.5,16.9,0.00,0.00,0.0,39211.07,9.4,3,211,66
2023-03-21,29.9,18.1,0.00,0.00,0.0,40883.30,9.3,3,288,55
2023-03-22,30.9,18.8,0.00,0.00,0.0,41841.97,12.3,3,293,59
2023-03-23,31.1,19.6,0.00,0.00,0.0,42847.32,13.2,3,337,59
2023-03-24,32.2,20.9,0.00,0.00,0.0,42312.73,9.2,3,111,63
2023-03-25,31.1,21.2,0.70,0.70,5.0,37277.06,12.7,51,105,70
2023-03-26,33.2,20.8,0.00,0.00,0.0,42061.00,11.4,1,196,65
2023-03-27,33.6,20.5,0.00,0.00,0.0,42892.64,14.4,3,319,51
2023-03-28,34.3,21.4,0.00,0.00,0.0,42903.68,11.6,3,188,57
2023-03-29,34.8,21.0,0.00,0.00,0.0,42914.69,13.9,3,193,56
2023-03-30,35.0,21.5,0.00,0.00,0.0,42925.70,13.7,2,215,47
2023-03-31,33.6,21.1,0.00,0.00,0.0,42936.74,15.6,3,278,53
2023-04-01,33.2,20.8,0.00,0.00,0.0,42947.86,14.8,3,6,55
2023-04-02,33.4,21.4,0.50,0.50,2.0,35759.09,8.4,51,231,55
2023-04-03,34.2,22.4,0.00,0.00,0.0,42970.47,12.3,3,165,56
2023-04-04,35.1,21.4,0.00,0.00,0.0,42982.04,16.3,3,221,50
2023-04-05,34.3,22.5,0.00,0.00,0.0,42990.11,9.0,3,148,51
2023-04-06,33.7,22.9,2.50,2.50,3.0,33081.64,20.8,55,80,58
2023-04-07,34.8,21.8,1.50,1.50,2.0,33492.83,20.4,61,74,63
2023-04-08,33.2,21.8,0.10,0.10,1.0,42534.25,21.3,51,69,55
2023-04-09,34.4,21.4,0.00,0.00,0.0,43043.49,11.9,0,107,45
2023-04-10,35.7,21.8,0.00,0.00,0.0,43056.18,10.9,0,121,37
2023-04-11,36.6,22.4,0.00,0.00,0.0,43068.91,11.2,0,123,38
2023-04-12,37.1,23.2,0.00,0.00,0.0,43081.71,9.0,2,47,39
2023-04-13,37.6,24.4,0.00,0.00,0.0,40046.79,10.7,3,309,36
2023-04-14,37.0,24.3,0.00,0.00,0.0,33707.31,19.4,3,326,41
2023-04-15,36.3,23.4,0.00,0.00,0.0,39600.00,19.2,3,335,41
2023-04-16,36.5,24.4,0.00,0.00,0.0,43133.98,10.2,2,347,40
2023-04-17,37.0,24.9,0.00,0.00,0.0,42770.84,10.0,2,336,37
2023-04-18,38.5,23.5,0.00,0.00,0.0,39561.03,12.7,3,30,31
2023-04-19,38.0,22.9,0.00,0.00,0.0,43174.85,10.5,3,41,35
2023-04-20,37.8,24.1,0.00,0.00,0.0,42473.12,16.4,3,14,35
2023-04-21,35.0,22.6,1.60,1.60,3.0,41973.97,13.4,55,73,53
2023-04-22,35.1,21.9,0.00,0.00,0.0,43200.00,11.1,2,211,49
2023-04-23,35.0,21.9,0.00,0.00,0.0,43200.00,19.5,3,83,55
2023-04-24,33.0,23.9,4.20,4.20,5.0,41648.55,15.3,61,114,64
2023-04-25,33.8,23.9,16.20,16.20,6.0,35147.34,20.4,65,133,68
2023-04-26,32.2,21.5,2.50,2.50,3.0,42888.03,13.8,61,169,67
2023-04-27,30.3,22.0,17.30,17.30,4.0,32483.24,25.1,63,108,73
2023-04-28,31.1,22.0,7.40,7.40,4.0,39342.76,20.6,63,57,71
2023-04-29,30.1,21.4,12.50,12.50,9.0,36000.00,15.0,63,109,74
2023-04-30,29.6,20.0,26.80,26.80,16.0,34912.32,18.1,65,65,82
2023-05-01,29.9,20.6,0.80,0.80,5.0,37140.09,14.1,51,117,79
2023-05-02,30.1,22.3,7.00,7.00,8.0,31537.93,16.2,61,148,80
2023-05-03,30.4,21.5,1.00,1.00,3.0,32241.45,11.3,53,125,75
2023-05-04,31.4,22.4,0.30,0.30,3.0,39563.43,10.4,51,111,72
2023-05-05,29.6,21.1,8.60,8.60,3.0,26101.87,15.5,63,32,78
2023-05-06,32.0,23.0,1.80,1.80,2.0,39508.12,10.7,61,323,71
2023-05-07,32.7,24.0,0.00,0.00,0.0,42823.17,16.0,3,272,68
2023-05-08,34.1,23.8,0.00,0.00,0.0,42216.28,10.8,3,290,66
2023-05-09,32.2,23.9,4.30,4.30,7.0,29320.82,15.5,63,311,79
2023-05-10,33.3,24.0,15.30,15.30,4.0,17999.41,12.2,65,241,77
2023-05-11,36.2,22.4,0.20,0.20,2.0,43200.00,16.6,51,167,56
2023-05-12,37.4,22.4,0.00,0.00,0.0,43492.96,12.8,3,309,48
2023-05-13,38.3,22.2,0.00,0.00,0.0,42672.36,18.2,3,280,42
2023-05-14,37.8,24.5,0.00,0.00,0.0,43475.52,25.2,3,292,40
2023-05-15,37.2,24.0,0.00,0.00,0.0,43721.66,22.1,3,293,42
2023-05-16,36.7,21.4,0.00,0.00,0.0,43714.52,19.4,1,301,47
2023-05-17,36.6,24.0,0.00,0.00,0.0,43962.79,17.3,0,303,43
2023-05-18,36.9,23.5,0.00,0.00,0.0,36071.84,9.3,3,237,42
2023-05-19,37.7,24.1,0.00,0.00,0.0,43200.00,14.8,2,287,47
2023-05-20,36.5,24.2,0.10,0.10,1.0,42902.56,22.2,51,246,49
2023-05-21,36.8,22.5,12.00,12.00,3.0,41562.03,15.7,65,223,52
2023-05-22,36.2,23.0,3.10,3.10,3.0,36000.00,14.7,63,194,51
2023-05-23,36.3,23.5,0.00,0.00,0.0,43935.73,9.7,1,210,50
2023-05-24,36.4,24.1,3.40,3.40,2.0,39600.00,18.6,63,256,49
2023-05-25,35.8,25.6,1.00,1.00,2.0,41988.49,20.8,53,261,52
2023-05-26,36.2,25.0,0.00,0.00,0.0,41491.84,19.5,3,291,47
2023-05-27,36.0,24.1,0.00,0.00,0.0,43668.69,18.5,1,288,45
2023-05-28,36.7,25.8,0.00,0.00,0.0,44184.52,17.6,1,322,43
2023-05-29,35.8,23.9,9.00,9.00,5.0,36908.62,21.0,63,241,52
2023-05-30,33.9,22.5,11.00,11.00,4.0,30669.30,14.0,65,242,65
2023-05-31,37.1,25.2,0.00,0.00,0.0,43429.11,16.6,3,306,47
2023-06-01,38.0,26.0,0.00,0.00,0.0,43200.00,15.9,3,310,41
2023-06-02,38.2,26.0,0.00,0.00,0.0,43200.00,20.2,2,297,39
2023-06-03,37.5,25.8,0.00,0.00,0.0,43926.59,16.1,3,302,44
2023-06-04,34.7,23.8,6.30,6.30,7.0,20259.27,23.4,61,288,68
2023-06-05,35.0,24.3,0.00,0.00,0.0,43929.32,18.8,3,294,51
2023-06-06,35.0,25.8,2.00,2.00,5.0,38051.96,26.7,55,278,56
2023-06-07,37.0,27.5,0.00,0.00,0.0,43200.00,20.2,3,284,48
2023-06-08,36.6,27.3,0.00,0.00,0.0,43674.18,24.1,3,285,49
2023-06-09,37.1,26.9,0.00,0.00,0.0,43107.08,21.2,3,273,51
2023-06-10,36.8,27.1,0.30,0.30,2.0,43418.47,22.3,51,274,52
2023-06-11,35.0,26.9,0.00,0.00,0.0,36000.00,20.1,3,272,55
2023-06-12,36.1,26.9,0.00,0.00,0.0,40643.86,21.1,3,271,50
2023-06-13,36.8,26.9,0.00,0.00,0.0,43954.75,22.0,3,270,44
2023-06-14,36.6,26.9,0.00,0.00,0.0,43200.00,23.4,3,275,46
2023-06-15,36.3,26.9,0.00,0.00,0.0,43702.70,21.8,3,277,45
2023-06-16,36.8,27.1,0.00,0.00,0.0,43970.70,20.9,3,271,43
2023-06-17,36.7,27.4,0.00,0.00,0.0,43976.57,24.6,3,278,47
2023-06-18,36.5,27.9,0.00,0.00,0.0,43720.02,21.9,3,293,46
2023-06-19,36.3,27.2,0.10,0.10,1.0,38921.01,19.6,51,287,49
2023-06-20,36.2,26.9,0.40,0.40,1.0,35051.28,18.8,51,275,53
2023-06-21,35.3,24.4,9.90,9.90,8.0,28813.73,21.7,63,272,65
2023-06-22,34.3,24.8,4.10,4.10,11.0,26182.93,19.8,61,271,70
2023-06-23,33.2,23.5,14.30,14.30,14.0,9951.94,18.7,63,269,76
2023-06-24,29.3,23.4,15.20,15.20,19.0,7378.27,20.2,65,262,81
2023-06-25,31.6,23.4,2.70,2.70,9.0,26180.68,22.8,61,267,75
2023-06-26,30.5,24.0,2.50,2.50,8.0,4542.57,23.8,53,270,81
2023-06-27,31.9,24.5,1.00,1.00,2.0,22357.97,25.3,53,270,70
2023-06-28,31.5,23.6,1.60,1.60,8.0,28158.39,21.7,53,259,72
2023-06-29,32.1,23.8,0.10,0.10,1.0,38605.61,24.5,51,259,68
2023-06-30,32.3,24.0,0.30,0.30,3.0,38299.81,28.1,51,264,64
2023-07-01,33.1,24.9,0.30,0.30,3.0,41675.14,23.4,51,271,64
2023-07-02,33.0,23.7,0.80,0.80,4.0,36000.00,22.4,51,274,70
2023-07-03,32.7,24.3,1.90,1.90,2.0,36717.57,23.4,61,268,70
2023-07-04,32.7,23.8,0.40,0.40,3.0,31552.12,20.6,51,258,70
2023-07-05,30.2,23.6,3.20,3.20,11.0,12565.45,19.5,55,261,77
2023-07-06,28.0,22.9,11.10,11.10,20.0,4972.54,22.4,61,260,85
2023-07-07,29.8,23.0,2.60,2.60,6.0,33402.80,27.1,55,250,72
2023-07-08,31.0,23.8,0.80,0.80,4.0,19203.52,24.1,51,251,74
2023-07-09,31.2,23.6,1.20,1.20,6.0,36275.45,20.9,51,264,73
2023-07-10,30.4,24.6,0.10,0.10,1.0,33411.21,21.3,51,271,69
2023-07-11,29.1,23.9,0.00,0.00,0.0,15017.09,21.1,3,287,71
2023-07-12,30.7,23.2,1.80,1.80,6.0,27672.40,19.2,53,272,75
2023-07-13,31.5,23.1,0.90,0.90,5.0,40867.36,17.1,51,262,73
2023-07-14,31.4,23.7,1.20,1.20,6.0,32853.20,17.7,51,267,74
2023-07-15,30.5,23.8,1.30,1.30,7.0,21035.17,23.5,53,282,73
2023-07-16,27.3,23.1,7.30,7.30,17.0,0.00,19.9,55,275,83
2023-07-17,29.1,22.6,13.20,13.20,16.0,7956.95,27.7,61,267,83
2023-07-18,25.7,22.2,30.90,30.90,24.0,892.07,27.8,63,263,89
2023-07-19,26.4,22.4,22.80,22.80,24.0,5436.50,32.4,63,266,88
2023-07-20,24.0,22.6,38.10,38.10,24.0,0.00,27.1,65,267,92
2023-07-21,27.5,23.0,5.50,5.50,17.0,11239.37,31.4,61,276,86
2023-07-22,28.7,23.0,4.00,4.00,14.0,13707.47,26.5,61,266,84
2023-07-23,28.5,22.9,17.50,17.50,21.0,14717.45,23.5,65,263,86
2023-07-24,27.9,22.5,12.60,12.60,20.0,8881.07,25.6,61,273,87
2023-07-25,27.4,23.0,13.70,13.70,18.0,4937.73,27.7,63,287,86
2023-07-26,26.9,22.5,40.50,40.50,24.0,3854.87,30.1,63,283,88
2023-07-27,24.1,22.5,65.40,65.40,15.0,0.00,28.1,65,276,89
2023-07-28,29.4,22.8,0.80,0.80,5.0,28371.45,33.5,51,280,79
2023-07-29,29.8,22.9,0.80,0.80,4.0,36347.55,27.0,51,290,77
2023-07-30,30.0,23.4,2.90,2.90,8.0,36645.71,27.9,61,282,77
2023-07-31,27.8,23.5,1.10,1.10,4.0,19074.86,24.0,53,277,80
2023-08-01,28.9,23.4,1.60,1.60,8.0,32252.52,28.6,51,275,77
2023-08-02,28.6,23.0,0.20,0.20,2.0,5980.01,30.3,51,272,75
2023-08-03,29.5,22.6,0.70,0.70,6.0,31174.74,31.0,51,270,76
2023-08-04,30.0,22.8,1.70,1.70,9.0,43200.00,27.4,51,269,76
2023-08-05,30.7,22.9,0.40,0.40,4.0,42935.84,25.7,51,273,74
2023-08-06,30.5,23.1,0.40,0.40,4.0,43200.00,25.8,51,272,72
2023-08-07,30.0,22.8,0.30,0.30,3.0,43035.15,25.9,51,277,72
2023-08-08,29.9,23.2,0.00,0.00,0.0,37036.09,21.5,3,278,72
2023-08-09,30.5,23.2,0.40,0.40,4.0,39600.00,17.9,51,281,76
2023-08-10,30.8,23.1,0.70,0.70,3.0,43200.00,16.5,51,286,75
2023-08-11,30.7,23.7,0.30,0.30,3.0,43200.00,14.5,51,292,72
2023-08-12,31.2,23.6,0.10,0.10,1.0,39967.02,18.6,51,290,71
2023-08-13,30.6,23.6,0.00,0.00,0.0,40610.18,17.7,3,278,68
2023-08-14,30.8,23.1,0.30,0.30,3.0,41066.00,17.6,51,283,70
2023-08-15,30.2,23.3,3.60,3.60,5.0,36000.00,15.0,63,272,71
2023-08-16,29.5,23.9,3.80,3.80,7.0,43200.00,17.6,61,279,72
2023-08-17,29.5,23.8,0.90,0.90,3.0,16835.45,18.3,53,288,70
2023-08-18,28.5,22.8,5.10,5.10,16.0,11365.19,20.0,53,292,81
2023-08-19,27.2,22.0,3.70,3.70,20.0,30810.94,26.3,53,280,85
2023-08-20,29.9,22.8,1.10,1.10,7.0,43200.00,20.0,51,283,79
2023-08-21,30.4,22.7,0.00,0.00,0.0,39747.82,17.6,3,288,75
2023-08-22,29.8,23.0,2.00,2.00,4.0,28362.45,14.2,61,274,78
2023-08-23,30.6,23.5,0.00,0.00,0.0,33109.88,17.4,3,279,74
2023-08-24,31.0,24.1,0.30,0.30,3.0,36784.24,17.5,51,265,66
2023-08-25,31.4,22.7,4.60,4.60,8.0,39493.09,18.8,61,268,75
2023-08-26,31.0,23.3,0.50,0.50,2.0,38308.47,18.1,51,277,77
2023-08-27,31.6,23.5,0.00,0.00,0.0,39963.43,18.7,3,287,71
2023-08-28,31.2,22.6,0.60,0.60,2.0,43186.65,19.5,51,283,74
2023-08-29,30.5,22.0,0.50,0.50,3.0,40513.14,15.1,51,292,79
2023-08-30,31.3,22.1,0.10,0.10,1.0,43095.63,14.3,51,327,70
2023-08-31,31.8,22.6,0.00,0.00,0.0,42989.01,15.0,3,347,70
2023-09-01,32.3,22.7,11.60,11.60,12.0,40848.68,12.6,63,296,77
2023-09-02,31.0,22.9,28.30,28.30,14.0,27363.98,19.8,63,286,79
2023-09-03,29.2,22.5,20.20,20.20,15.0,9911.83,18.1,63,308,89
2023-09-04,24.7,22.0,37.60,37.60,22.0,0.00,20.7,63,295,93
2023-09-05,26.3,22.3,22.80,22.80,20.0,0.00,22.0,63,285,91
2023-09-06,27.8,22.6,6.50,6.50,11.0,5781.76,22.2,61,274,83
2023-09-07,29.1,23.0,1.50,1.50,6.0,31688.90,26.3,53,264,81
2023-09-08,28.8,23.0,8.50,8.50,7.0,39611.35,27.8,63,256,81
2023-09-09,29.5,22.8,3.30,3.30,8.0,41237.84,25.4,61,269,83
2023-09-10,29.3,23.1,14.10,14.10,11.0,35653.08,23.4,63,282,85
2023-09-11,29.4,23.4,0.00,0.00,0.0,30602.16,22.1,3,285,78
2023-09-12,29.5,22.6,0.30,0.30,3.0,27776.45,20.8,51,285,79
2023-09-13,29.9,23.0,0.10,0.10,1.0,38215.16,18.0,51,283,74
2023-09-14,28.5,23.6,0.10,0.10,1.0,14633.21,20.8,51,280,77
2023-09-15,29.8,23.6,0.10,0.10,1.0,39689.36,21.7,51,266,70
2023-09-16,29.6,22.9,1.10,1.10,5.0,41159.41,23.0,53,264,77
2023-09-17,29.6,22.8,0.10,0.10,1.0,39967.36,20.5,51,265,76
2023-09-18,30.8,23.4,0.70,0.70,3.0,40967.06,16.3,53,277,74
2023-09-19,31.3,24.0,0.00,0.00,0.0,40510.23,17.3,3,278,73
2023-09-20,31.0,23.8,4.10,4.10,5.0,30302.91,19.3,63,282,76
2023-09-21,29.6,22.6,2.90,2.90,9.0,18220.66,14.0,53,281,86
2023-09-22,29.1,22.6,1.90,1.90,8.0,26005.58,15.2,53,274,86
2023-09-23,29.4,22.1,9.70,9.70,11.0,33652.89,13.0,63,279,85
2023-09-24,28.4,22.5,1.60,1.60,9.0,18046.01,15.7,51,291,87
2023-09-25,29.0,22.4,3.30,3.30,9.0,22392.14,16.6,61,293,86
2023-09-26,30.0,22.1,7.70,7.70,11.0,36125.73,10.5,63,263,84
2023-09-27,30.1,22.1,5.70,5.70,9.0,37365.88,8.9,63,275,86
2023-09-28,30.9,22.4,26.20,26.20,17.0,36793.99,11.0,63,285,86
2023-09-29,30.1,21.9,22.60,22.60,17.0,37092.02,12.4,65,262,86
2023-09-30,30.0,22.6,1.10,1.10,5.0,38553.52,16.9,53,256,83
2023-10-01,30.2,22.8,7.30,7.30,10.0,39189.50,17.5,63,261,82
2023-10-02,30.5,23.4,0.30,0.30,3.0,38879.54,15.3,51,282,75
2023-10-03,31.4,23.1,0.00,0.00,0.0,39600.00,17.7,3,306,75
2023-10-04,31.4,21.5,0.00,0.00,0.0,37663.37,13.4,3,330,59
2023-10-05,31.5,20.9,0.00,0.00,0.0,39706.45,13.7,3,311,62
2023-10-06,31.6,20.8,0.00,0.00,0.0,39729.89,17.3,3,315,64
2023-10-07,31.9,20.0,0.00,0.00,0.0,39600.00,14.8,3,350,62
2023-10-08,31.9,19.9,0.00,0.00,0.0,39600.00,10.0,2,354,64
2023-10-09,32.6,21.5,0.00,0.00,0.0,39600.00,14.3,3,353,65
2023-10-10,32.0,20.6,24.60,24.60,5.0,39600.00,12.2,65,26,76
2023-10-11,33.4,21.8,0.00,0.00,0.0,39600.00,13.9,3,66,60
2023-10-12,32.6,21.1,0.00,0.00,0.0,39627.18,11.8,3,85,59
2023-10-13,32.3,22.6,0.00,0.00,0.0,39600.00,11.2,3,73,60
2023-10-14,32.0,21.5,0.00,0.00,0.0,39600.00,11.3,3,76,61
2023-10-15,32.3,22.4,0.00,0.00,0.0,39600.00,10.3,3,59,59
2023-10-16,31.0,21.5,0.80,0.80,3.0,39600.00,9.8,51,88,63
2023-10-17,31.4,22.2,0.20,0.20,2.0,39600.00,9.7,51,54,62
2023-10-18,31.4,20.0,0.10,0.10,1.0,39600.00,11.9,51,48,62
2023-10-19,32.6,20.7,0.00,0.00,0.0,39600.00,16.2,3,30,61
2023-10-20,32.3,20.9,0.00,0.00,0.0,39600.00,12.4,0,49,59
2023-10-21,31.1,20.2,0.00,0.00,0.0,39600.00,12.2,2,46,59
2023-10-22,31.5,18.4,0.00,0.00,0.0,39600.00,18.9,3,33,49
2023-10-23,30.7,16.6,0.00,0.00,0.0,39600.00,16.9,3,8,53
2023-10-24,30.7,17.1,0.00,0.00,0.0,39600.00,16.3,3,12,51
2023-10-25,30.9,17.1,0.00,0.00,0.0,39600.00,14.9,2,16,51
2023-10-26,30.2,16.9,0.00,0.00,0.0,39600.00,15.8,1,28,47
2023-10-27,30.6,16.6,0.00,0.00,0.0,39600.00,17.6,1,39,44
2023-10-28,30.9,17.0,0.30,0.30,2.0,39600.00,14.0,51,78,63
2023-10-29,31.1,20.3,1.60,1.60,4.0,39600.00,10.4,53,101,75
2023-10-30,29.6,19.9,0.30,0.30,3.0,39600.00,12.2,51,107,76
2023-10-31,29.9,20.1,0.00,0.00,0.0,37246.74,11.8,3,89,68
2023-11-01,30.7,20.1,0.00,0.00,0.0,39600.00,8.9,3,65,68
2023-11-02,30.5,19.9,4.50,4.50,8.0,37682.41,18.4,61,93,77
2023-11-03,30.8,20.4,1.90,1.90,7.0,37125.14,11.8,53,82,81
2023-11-04,30.0,20.4,1.70,1.70,6.0,36000.00,12.7,55,81,77
2023-11-05,30.0,20.0,0.00,0.00,0.0,32500.06,12.8,3,90,75
2023-11-06,30.1,21.0,11.30,11.30,12.0,35178.08,13.8,63,102,82
2023-11-07,29.5,21.0,3.50,3.50,6.0,34487.91,14.2,61,93,83
2023-11-08,29.5,21.0,9.00,9.00,13.0,33958.24,11.2,63,106,86
2023-11-09,28.9,20.6,0.00,0.00,0.0,30387.18,11.3,3,116,71
2023-11-10,29.4,19.8,0.00,0.00,0.0,39600.00,11.1,3,99,69
2023-11-11,29.6,19.0,0.00,0.00,0.0,39600.00,10.5,3,91,65
2023-11-12,30.7,19.3,0.00,0.00,0.0,39600.00,11.8,3,66,63
2023-11-13,30.0,18.8,0.00,0.00,0.0,39600.00,9.3,3,72,66
2023-11-14,29.7,19.0,0.00,0.00,0.0,36305.58,9.7,3,68,68
2023-11-15,29.4,18.5,0.00,0.00,0.0,39600.00,11.3,3,33,61
2023-11-16,29.5,18.5,0.00,0.00,0.0,39600.00,10.7,3,22,61
2023-11-17,29.8,18.1,0.00,0.00,0.0,39600.00,9.6,3,74,66
2023-11-18,29.7,18.5,0.00,0.00,0.0,39600.00,10.7,3,99,69
2023-11-19,29.8,18.5,0.00,0.00,0.0,39600.00,13.4,3,96,69
2023-11-20,29.9,18.6,0.00,0.00,0.0,39215.31,10.7,3,52,65
2023-11-21,28.8,19.5,0.90,0.90,6.0,39600.00,12.9,51,85,76
2023-11-22,29.0,19.6,0.90,0.90,5.0,33665.63,11.6,51,94,79
2023-11-23,27.6,21.0,1.30,1.30,10.0,26849.01,17.7,51,106,86
2023-11-24,27.1,19.8,7.10,7.10,12.0,29797.66,16.4,63,113,87
2023-11-25,28.5,20.2,0.00,0.00,0.0,38407.35,17.1,3,105,76
2023-11-26,28.4,19.9,0.20,0.20,2.0,35005.61,16.0,51,119,78
2023-11-27,29.0,19.6,0.00,0.00,0.0,39520.33,13.8,3,130,71
2023-11-28,29.5,20.1,6.70,6.70,5.0,35568.03,14.1,63,122,78
2023-11-29,28.9,20.0,0.00,0.00,0.0,36000.00,15.5,3,119,73
2023-11-30,29.3,19.5,0.00,0.00,0.0,35893.19,15.6,3,120,72
2023-12-01,29.2,18.9,0.00,0.00,0.0,39378.53,14.4,2,105,62
2023-12-02,29.6,17.9,0.00,0.00,0.0,39343.55,14.8,3,93,66
2023-12-03,30.2,19.5,0.00,0.00,0.0,39308.90,16.5,3,60,66
2023-12-04,28.0,20.9,1.90,1.90,6.0,15028.11,18.2,53,51,73
2023-12-05,25.5,19.5,7.80,7.80,14.0,4295.10,24.2,63,8,87
2023-12-06,28.8,18.8,0.60,0.60,4.0,33376.92,17.7,51,336,82
2023-12-07,27.9,17.4,0.00,0.00,0.0,37608.62,11.4,3,340,81
2023-12-08,28.2,16.7,0.00,0.00,0.0,39134.31,11.3,3,35,74
2023-12-09,28.6,17.1,0.00,0.00,0.0,39098.48,9.0,3,40,68
2023-12-10,28.4,16.3,0.00,0.00,0.0,39062.55,10.5,3,52,62
2023-12-11,27.6,15.9,0.00,0.00,0.0,36127.07,10.1,3,78,64
2023-12-12,27.5,15.6,0.00,0.00,0.0,38990.77,9.7,3,81,64
2023-12-13,27.3,15.6,0.00,0.00,0.0,38955.13,11.2,3,87,66
2023-12-14,26.4,16.2,0.00,0.00,0.0,38919.79,12.0,3,116,66
2023-12-15,26.6,15.9,0.00,0.00,0.0,38884.85,9.9,3,110,70
2023-12-16,26.5,17.1,0.00,0.00,0.0,24974.13,10.3,3,90,75
2023-12-17,27.3,17.5,0.00,0.00,0.0,38816.55,15.3,3,77,60
2023-12-18,27.1,17.1,0.00,0.00,0.0,35544.57,14.2,3,58,57
2023-12-19,26.8,16.0,0.00,0.00,0.0,38368.80,12.0,3,50,58
2023-12-20,26.9,13.9,0.00,0.00,0.0,38719.55,10.1,3,60,57
2023-12-21,27.9,13.2,0.00,0.00,0.0,38689.07,9.4,3,63,59
2023-12-22,28.1,13.8,0.00,0.00,0.0,38413.88,10.1,3,92,58
2023-12-23,28.1,16.5,0.00,0.00,0.0,37892.58,13.0,3,109,68
2023-12-24,28.4,16.0,0.00,0.00,0.0,38604.53,11.3,3,105,70
2023-12-25,28.3,16.5,0.00,0.00,0.0,38578.32,9.7,3,124,74
2023-12-26,29.2,16.9,0.00,0.00,0.0,38552.43,9.2,0,120,67
2023-12-27,28.2,16.4,0.00,0.00,0.0,38526.92,10.9,3,117,69
2023-12-28,27.5,14.8,0.00,0.00,0.0,38217.99,12.4,3,116,73
2023-12-29,27.5,14.3,0.00,0.00,0.0,37961.51,11.8,3,123,72
2023-12-30,28.0,14.6,0.00,0.00,0.0,37971.35,10.8,3,112,68
2023-12-31,27.9,15.2,0.00,0.00,0.0,38246.99,10.0,3,111,71
2024-01-01,27.7,14.6,0.00,0.00,0.0,38255.52,11.4,3,115,71
2024-01-02,27.2,14.6,0.00,0.00,0.0,37997.61,12.1,3,114,74
2024-01-03,27.1,17.1,0.00,0.00,0.0,32492.86,14.7,3,125,71
2024-01-04,27.6,17.3,0.00,0.00,0.0,32855.92,16.6,3,125,69
2024-01-05,27.5,16.9,0.00,0.00,0.0,35873.38,15.6,3,130,68
2024-01-06,27.9,16.9,0.00,0.00,0.0,32400.00,18.1,3,113,70
2024-01-07,27.0,17.0,0.00,0.00,0.0,34805.68,17.1,3,113,69
2024-01-08,27.4,16.5,0.00,0.00,0.0,37504.27,18.5,3,118,62
2024-01-09,28.2,17.1,0.00,0.00,0.0,37244.22,19.4,3,119,67
2024-01-10,26.0,17.6,0.50,0.50,1.0,24623.94,11.4,53,103,67
2024-01-11,29.5,17.7,0.00,0.00,0.0,37284.42,11.0,3,132,62
2024-01-12,30.0,17.5,0.00,0.00,0.0,37267.35,10.0,3,122,68
2024-01-13,30.0,17.7,0.00,0.00,0.0,35140.58,8.6,3,344,65
2024-01-14,30.3,17.5,0.00,0.00,0.0,37754.57,8.4,0,9,59
2024-01-15,29.2,17.2,0.00,0.00,0.0,37472.49,9.0,3,73,61
2024-01-16,29.8,18.1,0.00,0.00,0.0,37451.86,11.3,3,124,64
2024-01-17,29.8,17.7,0.00,0.00,0.0,37691.58,14.0,3,137,62
2024-01-18,28.5,18.0,0.00,0.00,0.0,36365.39,10.2,3,162,62
2024-01-19,29.9,17.0,0.00,0.00,0.0,37244.61,13.9,3,125,57
2024-01-20,29.0,19.7,0.00,0.00,0.0,33486.98,14.0,3,127,61
2024-01-21,30.1,18.1,0.00,0.00,0.0,37337.37,13.4,3,147,61
2024-01-22,31.0,20.6,0.00,0.00,0.0,36347.16,13.1,3,155,62
2024-01-23,30.7,19.0,0.00,0.00,0.0,37287.66,17.4,3,195,62
2024-01-24,29.6,18.6,0.00,0.00,0.0,36042.45,13.5,3,346,65
2024-01-25,28.3,18.0,0.00,0.00,0.0,35680.79,10.4,3,83,70
2024-01-26,29.6,17.8,0.00,0.00,0.0,31966.88,10.9,3,97,66
2024-01-27,29.0,16.6,0.00,0.00,0.0,35498.17,12.6,3,100,70
2024-01-28,29.0,16.4,0.00,0.00,0.0,38692.92,10.9,3,110,58
2024-01-29,29.1,15.9,0.00,0.00,0.0,37639.66,11.1,3,107,65
2024-01-30,29.2,16.5,0.00,0.00,0.0,38632.80,13.2,3,111,59
2024-01-31,30.8,16.8,0.00,0.00,0.0,38857.25,12.9,3,139,58
2024-02-01,31.0,17.1,0.00,0.00,0.0,38571.33,14.3,3,214,54
2024-02-02,30.8,18.9,0.00,0.00,0.0,33547.24,12.1,3,342,62
2024-02-03,29.9,19.4,0.20,0.20,2.0,38256.02,13.0,51,103,67
2024-02-04,31.2,19.3,0.00,0.00,0.0,39237.93,10.8,0,119,61
2024-02-05,32.3,19.0,0.00,0.00,0.0,38446.12,9.6,1,173,57
2024-02-06,32.8,20.1,0.00,0.00,0.0,39170.58,10.8,1,182,57
2024-02-07,33.3,20.2,0.00,0.00,0.0,39388.46,9.2,1,203,50
2024-02-08,33.1,20.1,0.00,0.00,0.0,39604.83,9.9,3,356,52
2024-02-09,32.3,19.3,0.00,0.00,0.0,40071.73,15.5,1,108,55
2024-02-10,32.2,20.0,0.00,0.00,0.0,34655.14,17.9,3,135,62
2024-02-11,32.7,19.3,0.00,0.00,0.0,39497.35,18.2,3,132,59
2024-02-12,32.0,18.2,0.00,0.00,0.0,39460.71,14.7,3,128,57
2024-02-13,32.3,18.0,0.00,0.00,0.0,39565.20,14.0,3,136,55
2024-02-14,32.5,18.8,0.00,0.00,0.0,39074.40,13.3,3,124,50
2024-02-15,32.2,17.9,0.00,0.00,0.0,38833.20,14.3,3,122,48
2024-02-16,32.0,16.6,0.00,0.00,0.0,41292.62,16.7,0,122,42
2024-02-17,33.0,17.5,0.00,0.00,0.0,41347.35,14.6,0,131,34
2024-02-18,33.5,17.7,0.00,0.00,0.0,41402.26,19.5,3,137,34
2024-02-19,33.5,18.5,0.00,0.00,0.0,41457.30,16.2,3,136,36
2024-02-20,33.3,19.7,0.00,0.00,0.0,37158.39,12.7,3,195,41
2024-02-21,33.3,19.9,0.00,0.00,0.0,41567.55,15.5,3,284,39
2024-02-22,33.0,19.0,0.00,0.00,0.0,41578.77,12.8,3,8,41
2024-02-23,32.5,19.3,0.00,0.00,0.0,41678.03,14.2,1,12,45
2024-02-24,33.7,18.7,0.20,0.20,2.0,33498.48,20.7,51,129,63
2024-02-25,32.0,20.7,0.30,0.30,3.0,33404.82,15.3,51,133,65
2024-02-26,32.3,19.5,0.10,0.10,1.0,38880.08,19.9,51,130,62
2024-02-27,33.3,19.6,0.00,0.00,0.0,41904.91,14.6,3,131,53
2024-02-28,32.9,19.6,0.00,0.00,0.0,41962.71,12.8,3,110,47
2024-02-29,33.7,20.0,0.00,0.00,0.0,41546.98,13.4,2,114,44
2024-03-01,34.3,20.3,0.00,0.00,0.0,41799.55,17.0,3,135,44
2024-03-02,35.4,20.7,0.00,0.00,0.0,42137.99,15.0,3,183,39
2024-03-03,35.0,21.0,0.00,0.00,0.0,42196.88,16.3,3,216,42
2024-03-04,34.8,22.0,0.00,0.00,0.0,40674.50,16.3,3,173,43
2024-03-05,34.5,20.9,0.00,0.00,0.0,41436.74,20.5,3,123,46
2024-03-06,36.3,22.5,0.00,0.00,0.0,39495.09,14.6,3,176,41
2024-03-07,36.0,21.4,0.00,0.00,0.0,42433.58,13.8,3,335,40
2024-03-08,35.8,20.8,0.00,0.00,0.0,41538.07,16.2,3,21,47
2024-03-09,36.2,21.7,0.00,0.00,0.0,29803.62,13.8,3,114,44
2024-03-10,34.8,23.0,0.20,0.20,2.0,34766.55,19.1,51,123,53
2024-03-11,35.5,22.7,0.00,0.00,0.0,41134.63,18.4,3,147,46
2024-03-12,36.3,22.6,0.00,0.00,0.0,39032.86,12.6,3,231,42
2024-03-13,37.3,24.0,0.00,0.00,0.0,32586.96,16.6,3,219,40
2024-03-14,35.4,22.8,0.00,0.00,0.0,42746.49,12.2,1,125,50
2024-03-15,37.8,22.2,0.00,0.00,0.0,42368.05,21.3,3,126,44
2024-03-16,35.1,22.3,0.40,0.40,2.0,32832.32,19.5,51,122,60
2024-03-17,34.8,22.8,5.70,5.70,5.0,26197.85,17.7,63,104,60
2024-03-18,34.2,23.1,0.90,0.90,4.0,19544.19,16.0,51,127,55
2024-03-19,34.9,22.3,0.20,0.20,2.0,40057.68,18.7,51,160,47
2024-03-20,30.8,20.5,0.20,0.20,2.0,42820.79,15.8,51,88,61
2024-03-21,33.0,19.8,0.00,0.00,0.0,39232.25,14.8,3,124,47
2024-03-22,35.1,20.4,0.00,0.00,0.0,42320.29,11.0,1,146,43
2024-03-23,35.3,20.9,0.00,0.00,0.0,42555.97,13.4,2,152,41
2024-03-24,35.3,23.0,0.00,0.00,0.0,41685.03,14.6,2,135,41
2024-03-25,35.5,23.0,0.00,0.00,0.0,38022.71,11.7,3,145,40
2024-03-26,36.8,22.6,0.00,0.00,0.0,42755.08,16.9,2,138,35
2024-03-27,37.2,22.4,0.00,0.00,0.0,42899.21,12.1,3,135,36
2024-03-28,38.2,21.9,0.00,0.00,0.0,42910.43,16.6,1,139,40
2024-03-29,38.7,23.0,0.00,0.00,0.0,42921.78,16.2,3,134,37
2024-03-30,38.4,24.0,0.00,0.00,0.0,42933.29,13.7,2,155,37
2024-03-31,37.5,23.0,0.00,0.00,0.0,42945.00,13.7,1,134,37
2024-04-01,38.0,22.6,0.00,0.00,0.0,42956.95,17.3,3,135,38
2024-04-02,37.7,23.9,0.00,0.00,0.0,42969.12,10.6,3,178,41
2024-04-03,38.4,24.5,0.00,0.00,0.0,29319.18,17.1,3,148,39
2024-04-04,38.8,23.6,0.00,0.00,0.0,32914.95,14.2,3,167,40
2024-04-05,39.2,26.0,0.00,0.00,0.0,39405.29,10.9,3,195,33
2024-04-06,38.7,25.0,0.00,0.00,0.0,41111.40,13.1,3,86,31
2024-04-07,39.5,25.8,0.00,0.00,0.0,43029.28,18.5,3,205,32
2024-04-08,37.3,23.8,0.00,0.00,0.0,42251.19,22.8,2,122,48
2024-04-09,35.0,23.8,0.00,0.00,0.0,43053.43,16.1,1,133,52
2024-04-10,35.6,24.2,0.00,0.00,0.0,42732.96,18.4,3,133,41
2024-04-11,35.3,24.0,0.00,0.00,0.0,40683.64,21.9,3,89,51
2024-04-12,31.2,22.6,6.70,6.70,7.0,42296.44,17.3,63,118,61
2024-04-13,33.0,22.5,1.40,1.40,2.0,27840.09,17.6,61,145,54
2024-04-14,36.5,23.8,0.00,0.00,0.0,43115.84,13.0,1,129,46
2024-04-15,37.7,24.0,0.00,0.00,0.0,41518.05,14.9,3,136,38
2024-04-16,37.8,24.4,0.00,0.00,0.0,43142.16,13.4,3,29,39
2024-04-17,37.8,24.9,0.10,0.10,1.0,43155.71,11.2,51,320,40
2024-04-18,38.5,26.4,0.00,0.00,0.0,42721.31,6.9,2,329,42
2024-04-19,37.8,26.1,0.10,0.10,1.0,41737.62,19.1,51,297,42
2024-04-20,36.4,25.8,0.50,0.50,3.0,24838.51,17.1,51,274,54
2024-04-21,36.9,26.2,1.70,1.70,3.0,31311.72,22.8,61,316,46
2024-04-22,37.0,23.4,0.00,0.00,0.0,43032.92,23.1,2,347,49
2024-04-23,39.0,24.0,0.00,0.00,0.0,43200.00,12.3,3,135,37
2024-04-24,38.7,22.9,0.00,0.00,0.0,43200.00,16.1,3,166,33
2024-04-25,39.0,23.8,0.00,0.00,0.0,43203.43,12.0,3,118,33
2024-04-26,40.4,23.8,0.00,0.00,0.0,41141.73,10.2,3,173,34
2024-04-27,38.7,24.6,0.00,0.00,0.0,42715.03,13.4,3,95,36
2024-04-28,40.5,25.5,0.00,0.00,0.0,43200.00,16.9,3,267,34
2024-04-29,39.6,25.5,0.00,0.00,0.0,43200.00,14.1,3,161,35
2024-04-30,39.9,25.8,0.00,0.00,0.0,43374.18,13.4,1,223,35
2024-05-01,40.5,25.2,0.00,0.00,0.0,43200.00,16.1,3,309,30
2024-05-02,39.5,24.3,0.00,0.00,0.0,43346.11,17.0,0,341,25
2024-05-03,40.4,24.0,0.00,0.00,0.0,43582.54,13.4,0,342,33
2024-05-04,41.4,25.3,0.00,0.00,0.0,43319.59,14.7,0,33,40
2024-05-05,40.0,25.9,0.00,0.00,0.0,43557.65,16.0,3,26,45
2024-05-06,40.8,26.1,0.00,0.00,0.0,43545.85,15.3,3,114,43
2024-05-07,35.0,23.8,1.90,1.90,7.0,39252.54,24.5,53,117,68
2024-05-08,36.5,23.4,0.50,0.50,3.0,38785.39,19.7,51,176,55
2024-05-09,36.2,23.6,0.80,0.80,4.0,36000.00,22.9,53,106,64
2024-05-10,34.8,22.0,22.90,22.90,6.0,27280.18,15.1,65,117,75
2024-05-11,37.2,24.2,0.00,0.00,0.0,42748.51,13.8,3,127,50
2024-05-12,35.8,24.2,6.30,6.30,6.0,42643.70,18.4,63,134,61
2024-05-13,34.9,24.5,0.40,0.40,3.0,39309.57,11.7,51,126,56
2024-05-14,35.0,24.4,0.50,0.50,1.0,43469.28,16.9,53,103,61
2024-05-15,36.1,24.5,1.00,1.00,3.0,42705.12,14.6,53,129,58
2024-05-16,32.8,23.0,14.70,14.70,8.0,37105.71,19.2,63,96,72
2024-05-17,32.5,24.0,1.10,1.10,6.0,36893.67,18.7,53,102,71
2024-05-18,33.0,23.8,16.30,16.30,12.0,30193.05,19.3,63,147,80
2024-05-19,32.8,23.6,9.00,9.00,16.0,28454.18,11.4,63,173,81
2024-05-20,32.7,23.1,4.90,4.90,2.0,36488.47,12.5,63,169,70
2024-05-21,34.5,24.7,0.20,0.20,2.0,43427.61,14.6,51,134,64
2024-05-22,35.2,24.4,5.50,5.50,3.0,41322.38,15.1,63,117,68
2024-05-23,36.2,25.0,0.00,0.00,0.0,30176.12,11.2,3,148,56
2024-05-24,38.6,26.4,0.20,0.20,2.0,43200.00,17.2,51,259,49
2024-05-25,37.0,27.6,0.30,0.30,1.0,7451.48,20.9,51,257,48
2024-05-26,37.6,28.0,0.20,0.20,1.0,40819.96,26.6,51,290,49
2024-05-27,38.0,27.1,0.00,0.00,0.0,36135.02,24.3,3,265,57
2024-05-28,37.0,26.8,0.00,0.00,0.0,43143.34,22.3,3,266,49
2024-05-29,38.5,27.0,0.00,0.00,0.0,43923.70,24.5,3,277,44
2024-05-30,38.4,27.9,0.00,0.00,0.0,43923.21,19.4,3,289,42
2024-05-31,39.5,27.6,0.00,0.00,0.0,43923.08,20.5,3,297,38
2024-06-01,39.2,27.6,0.00,0.00,0.0,40063.28,15.6,3,335,44
2024-06-02,37.2,24.5,26.60,26.60,10.0,28289.21,16.2,65,271,71
2024-06-03,33.6,22.7,10.50,10.50,6.0,25927.17,15.5,63,265,64
2024-06-04,33.5,24.5,8.60,8.60,12.0,21121.19,14.4,63,254,73
2024-06-05,32.2,23.6,40.20,40.20,20.0,21030.82,16.5,63,282,83
2024-06-06,34.0,24.0,31.40,31.40,13.0,30377.22,15.8,63,303,80
2024-06-07,32.0,23.2,4.10,4.10,5.0,26858.14,17.8,61,271,76
2024-06-08,31.3,23.3,6.30,6.30,9.0,25810.25,15.9,63,254,80
2024-06-09,30.9,23.5,1.60,1.60,6.0,32883.84,14.3,53,232,76
2024-06-10,29.2,23.0,10.70,10.70,15.0,18098.17,19.5,63,277,84
2024-06-11,31.0,22.5,6.10,6.10,15.0,15901.71,17.0,63,278,86
2024-06-12,31.1,23.1,6.20,6.20,9.0,14237.58,20.2,63,285,81
2024-06-13,32.0,23.2,35.80,35.80,13.0,38487.73,20.7,63,274,83
2024-06-14,30.4,23.2,5.10,5.10,8.0,31448.24,23.7,61,278,81
2024-06-15,31.6,23.5,0.80,0.80,2.0,36636.21,21.7,53,275,73
2024-06-16,31.1,23.9,2.50,2.50,7.0,35652.05,19.1,61,274,72
2024-06-17,32.4,23.5,2.40,2.40,5.0,36545.22,17.3,61,273,72
2024-06-18,32.5,23.8,0.40,0.40,1.0,38789.73,18.9,51,274,71
2024-06-19,30.3,23.8,6.50,6.50,6.0,23711.72,19.7,63,268,72
2024-06-20,32.1,24.5,0.60,0.60,3.0,32400.00,23.7,51,265,65
2024-06-21,32.2,24.5,2.80,2.80,4.0,33309.81,22.8,61,271,72
2024-06-22,29.0,23.2,16.10,16.10,12.0,382.71,14.4,63,276,83
2024-06-23,31.9,23.1,2.20,2.20,9.0,32236.37,20.5,61,255,72
2024-06-24,31.5,23.8,0.10,0.10,1.0,36937.41,16.5,51,234,68
2024-06-25,32.5,24.0,8.50,8.50,10.0,37474.04,22.3,63,249,76
2024-06-26,31.6,24.0,7.50,7.50,12.0,25193.33,25.8,61,255,77
2024-06-27,27.5,23.1,29.80,29.80,24.0,7993.63,23.1,63,258,87
2024-06-28,28.9,23.0,6.50,6.50,14.0,11543.62,25.7,55,258,83
2024-06-29,30.0,23.4,4.40,4.40,10.0,28532.09,25.8,55,259,75
2024-06-30,28.5,23.5,10.40,10.40,19.0,3600.00,19.7,61,245,86
2024-07-01,28.9,23.4,0.10,0.10,1.0,6461.32,26.8,51,250,73
2024-07-02,30.9,23.6,1.80,1.80,6.0,20233.53,30.9,55,258,75
2024-07-03,30.7,23.5,0.00,0.00,0.0,12759.30,25.1,3,258,72
2024-07-04,31.2,23.9,0.10,0.10,1.0,21600.00,24.5,51,258,72
2024-07-05,30.8,23.7,2.90,2.90,9.0,21228.89,25.1,53,247,78
2024-07-06,29.6,23.2,10.20,10.20,16.0,13653.04,27.6,63,251,80
2024-07-07,28.9,22.6,9.60,9.60,17.0,18367.67,19.5,63,267,83
2024-07-08,29.1,22.7,25.10,25.10,15.0,13591.08,15.3,63,267,85
2024-07-09,29.3,23.0,8.50,8.50,17.0,25175.73,17.9,61,245,83
2024-07-10,31.1,22.6,1.90,1.90,4.0,30194.96,20.1,55,261,73
2024-07-11,31.0,23.0,12.00,12.00,8.0,29856.23,21.6,63,267,78
2024-07-12,30.9,23.1,3.50,3.50,10.0,32400.00,24.5,61,269,77
2024-07-13,30.5,23.1,4.60,4.60,12.0,27915.46,28.2,53,270,77
2024-07-14,26.2,23.0,16.50,16.50,17.0,0.00,23.0,63,264,89
2024-07-15,29.1,23.0,11.20,11.20,18.0,12238.23,23.0,63,271,87
2024-07-16,29.8,22.9,3.50,3.50,12.0,32114.35,23.9,61,263,80
2024-07-17,28.6,22.9,5.10,5.10,7.0,6895.74,28.7,61,270,81
2024-07-18,27.5,22.9,15.70,15.70,22.0,12629.53,26.7,61,271,86
2024-07-19,27.5,22.4,24.50,24.50,24.0,3787.76,28.1,63,271,89
2024-07-20,25.9,22.4,18.80,18.80,23.0,2954.41,34.2,61,266,90
2024-07-21,27.6,22.5,13.80,13.80,21.0,2044.21,28.4,63,261,86
2024-07-22,25.8,22.9,10.80,10.80,17.0,1292.88,28.2,61,261,88
2024-07-23,26.6,22.7,17.70,17.70,21.0,5251.47,32.2,63,262,87
2024-07-24,24.5,22.4,19.10,19.10,24.0,0.00,28.4,63,259,91
2024-07-25,24.9,22.1,23.30,23.30,24.0,0.00,28.9,61,263,91
2024-07-26,27.2,22.0,8.70,8.70,19.0,0.00,29.6,61,269,84
2024-07-27,25.5,22.6,11.30,11.30,23.0,0.00,27.8,55,270,89
2024-07-28,28.6,22.8,2.30,2.30,10.0,38739.57,32.4,53,264,79
2024-07-29,29.3,23.3,3.80,3.80,11.0,33274.68,24.0,55,254,83
2024-07-30,29.9,23.4,0.00,0.00,0.0,22733.37,25.1,3,261,77
2024-07-31,29.6,23.4,1.50,1.50,6.0,36028.84,26.3,53,269,77
2024-08-01,29.0,23.0,8.80,8.80,12.0,4296.11,23.4,61,262,83
2024-08-02,27.4,22.9,6.60,6.60,16.0,4681.86,29.2,61,260,84
2024-08-03,28.1,23.0,0.20,0.20,2.0,11673.37,30.3,51,258,77
2024-08-04,29.0,22.9,4.90,4.90,8.0,31580.26,24.9,63,255,81
2024-08-05,30.2,22.6,0.90,0.90,5.0,38774.90,21.4,51,263,77
2024-08-06,29.0,22.5,7.00,7.00,20.0,24792.59,21.5,55,273,83
2024-08-07,25.0,22.0,22.70,22.70,24.0,4942.42,18.9,65,270,92
2024-08-08,29.0,21.9,5.50,5.50,7.0,23105.22,18.5,63,286,83
2024-08-09,30.3,22.1,3.60,3.60,3.0,32042.11,15.6,61,280,80
2024-08-10,30.3,22.8,0.40,0.40,2.0,42903.09,14.8,51,278,77
2024-08-11,29.4,22.9,0.20,0.20,2.0,38300.09,16.1,51,289,76
2024-08-12,28.1,22.6,39.00,39.00,8.0,23808.75,11.7,65,290,87
2024-08-13,30.4,22.6,2.20,2.20,7.0,42032.34,10.2,53,320,81
2024-08-14,30.8,23.3,0.20,0.20,2.0,39943.53,10.1,51,53,81
2024-08-15,31.0,23.0,1.10,1.10,4.0,38114.45,11.4,53,10,83
2024-08-16,31.1,23.0,26.80,26.80,8.0,24275.49,20.0,65,103,88
2024-08-17,30.4,22.8,3.20,3.20,7.0,40247.20,8.4,61,91,81
2024-08-18,31.1,23.5,7.60,7.60,11.0,39897.32,9.3,63,108,84
2024-08-19,28.8,23.5,18.50,18.50,21.0,14400.00,8.0,63,266,90
2024-08-20,29.9,23.0,13.00,13.00,17.0,26466.46,8.2,63,211,85
2024-08-21,31.2,23.0,1.50,1.50,8.0,41690.92,12.0,51,142,81
2024-08-22,30.0,22.6,7.00,7.00,8.0,27949.63,17.5,63,233,81
2024-08-23,28.4,23.2,0.00,0.00,0.0,17528.39,22.2,3,241,79
2024-08-24,27.2,22.5,18.00,18.00,21.0,2004.39,27.2,61,247,87
2024-08-25,27.0,22.0,3.80,3.80,12.0,13851.73,26.9,61,251,84
2024-08-26,29.2,22.4,1.80,1.80,11.0,37944.15,28.0,51,253,80
2024-08-27,29.6,22.4,4.00,4.00,6.0,40705.34,26.4,61,258,79
2024-08-28,29.2,22.4,3.30,3.30,5.0,42083.95,27.4,63,264,77
2024-08-29,29.2,22.3,1.10,1.10,5.0,26624.91,22.2,51,284,79
2024-08-30,24.8,22.0,17.70,17.70,21.0,0.00,20.0,63,285,91
2024-08-31,25.1,21.9,33.30,33.30,24.0,0.00,27.1,63,295,91
2024-09-01,22.8,21.7,79.50,79.50,24.0,0.00,28.3,65,276,92
2024-09-02,25.1,22.0,2.00,2.00,10.0,0.00,26.8,51,266,85
2024-09-03,27.5,22.5,12.10,12.10,20.0,20745.13,25.0,63,277,85
2024-09-04,28.1,22.6,4.50,4.50,13.0,25025.89,28.2,55,284,85
2024-09-05,29.4,22.6,3.70,3.70,5.0,26851.08,23.2,63,280,83
2024-09-06,29.0,22.6,3.40,3.40,11.0,31177.60,21.4,61,289,83
2024-09-07,26.5,22.6,10.40,10.40,20.0,3600.00,21.7,61,280,89
2024-09-08,26.4,22.7,17.10,17.10,21.0,2798.41,18.7,63,278,91
2024-09-09,25.0,22.6,11.30,11.30,17.0,0.00,22.0,61,272,91
2024-09-10,29.2,22.4,2.50,2.50,7.0,22765.22,24.2,61,267,79
2024-09-11,29.4,22.0,0.10,0.10,1.0,40863.77,24.9,51,259,75
2024-09-12,28.7,22.1,0.00,0.00,0.0,41080.83,23.8,3,266,74
2024-09-13,28.6,21.9,0.00,0.00,0.0,40381.21,21.5,3,275,73
2024-09-14,29.1,21.6,0.00,0.00,0.0,41611.11,21.9,3,283,74
2024-09-15,29.4,21.8,0.00,0.00,0.0,41876.45,20.8,3,282,73
2024-09-16,27.8,22.1,0.80,0.80,5.0,36202.86,21.2,51,295,75
2024-09-17,29.8,21.1,0.00,0.00,0.0,41203.21,21.7,3,295,72
2024-09-18,29.5,21.0,0.10,0.10,1.0,41228.39,14.7,51,289,75
2024-09-19,30.4,21.1,0.00,0.00,0.0,41012.92,8.7,3,288,74
2024-09-20,30.9,22.0,0.40,0.40,4.0,36033.34,14.7,51,313,77
2024-09-21,29.5,22.1,6.10,6.10,10.0,27059.87,16.1,63,309,86
2024-09-22,29.3,22.2,2.80,2.80,8.0,25452.54,17.3,61,321,86
2024-09-23,29.2,22.1,24.40,24.40,14.0,16906.53,11.7,63,312,88
2024-09-24,29.2,22.5,12.40,12.40,11.0,29639.87,11.1,63,294,85
2024-09-25,28.7,22.7,11.00,11.00,14.0,20388.35,14.0,63,259,87
2024-09-26,27.8,22.9,8.60,8.60,8.0,12524.53,20.2,63,246,84
2024-09-27,29.0,22.5,0.00,0.00,0.0,25127.19,18.8,3,242,79
2024-09-28,29.6,22.0,0.00,0.00,0.0,39873.88,13.9,3,247,79
2024-09-29,30.7,22.7,1.00,1.00,8.0,39818.90,8.0,51,145,80
2024-09-30,29.9,22.5,3.50,3.50,9.0,37632.69,8.3,61,244,85
2024-10-01,31.2,22.4,3.40,3.40,7.0,39626.27,11.2,61,324,81
2024-10-02,31.8,22.5,2.40,2.40,4.0,39600.00,19.5,61,288,81
2024-10-03,31.5,22.5,1.10,1.10,2.0,39600.00,14.8,55,300,82
2024-10-04,30.6,22.4,0.10,0.10,1.0,39600.00,12.3,51,297,81
2024-10-05,30.4,22.2,2.50,2.50,4.0,37239.18,18.2,61,298,85
2024-10-06,30.7,21.6,1.10,1.10,3.0,38925.05,19.8,53,49,82
2024-10-07,30.0,21.6,2.10,2.10,8.0,36902.73,15.3,55,90,79
2024-10-08,29.6,21.6,0.20,0.20,2.0,39600.00,12.2,51,106,80
2024-10-09,30.1,22.5,2.70,2.70,8.0,38091.35,15.7,55,118,82
2024-10-10,29.1,22.5,1.50,1.50,9.0,39600.00,16.3,53,107,83
2024-10-11,29.6,22.6,1.80,1.80,10.0,32856.39,19.7,53,117,84
2024-10-12,29.5,22.3,4.20,4.20,8.0,34858.01,16.1,61,119,85
2024-10-13,29.6,21.0,2.70,2.70,7.0,38603.43,13.8,61,107,83
2024-10-14,28.5,21.0,0.20,0.20,2.0,26790.50,10.6,51,83,83
2024-10-15,29.4,22.0,11.90,11.90,13.0,18725.72,15.0,63,96,85
2024-10-16,29.4,21.9,5.70,5.70,6.0,27803.82,15.9,63,83,85
2024-10-17,29.0,22.6,7.90,7.90,9.0,32926.40,20.5,63,94,86
2024-10-18,28.8,22.0,2.50,2.50,10.0,36000.00,18.4,55,111,86
2024-10-19,30.2,21.5,0.90,0.90,8.0,36947.70,19.1,51,102,83
2024-10-20,29.4,20.8,5.90,5.90,13.0,32400.00,14.3,63,76,86
2024-10-21,29.5,20.9,1.20,1.20,5.0,39600.00,11.6,53,76,83
2024-10-22,29.5,20.9,6.10,6.10,7.0,32333.37,6.9,63,35,86
2024-10-23,30.5,19.6,0.00,0.00,0.0,39600.00,13.3,3,12,72
2024-10-24,30.7,19.5,0.00,0.00,0.0,36866.52,11.3,3,325,67
2024-10-25,30.1,19.9,0.00,0.00,0.0,39600.00,15.1,3,323,62
2024-10-26,30.1,18.7,0.40,0.40,2.0,39600.00,19.2,51,352,68
2024-10-27,30.5,18.9,0.00,0.00,0.0,39600.00,12.5,1,316,66
2024-10-28,30.2,20.0,0.00,0.00,0.0,39600.00,7.2,2,143,66
2024-10-29,30.5,21.0,0.10,0.10,1.0,39600.00,8.3,51,310,70
2024-10-30,30.2,21.1,14.70,14.70,10.0,27412.18,16.4,63,41,83
2024-10-31,28.7,21.2,3.10,3.10,10.0,28952.41,10.4,55,82,85
2024-11-01,30.1,21.3,6.10,6.10,3.0,38347.62,12.2,63,54,85
2024-11-02,29.1,20.6,1.60,1.60,6.0,37158.82,14.1,53,74,82
2024-11-03,28.4,20.5,1.20,1.20,5.0,36002.12,14.2,53,88,79
2024-11-04,29.5,18.7,0.00,0.00,0.0,39600.00,10.5,3,80,74
2024-11-05,29.7,18.1,0.00,0.00,0.0,38098.86,11.2,3,53,64
2024-11-06,30.2,18.1,0.00,0.00,0.0,39600.00,12.7,1,30,59
2024-11-07,29.8,17.8,0.00,0.00,0.0,39600.00,9.5,2,39,62
2024-11-08,29.5,17.5,0.00,0.00,0.0,39600.00,10.3,1,66,66
2024-11-09,29.8,18.1,0.00,0.00,0.0,39600.00,11.0,0,44,66
2024-11-10,29.9,18.6,0.00,0.00,0.0,39600.00,12.4,3,38,57
2024-11-11,29.3,19.2,0.00,0.00,0.0,39600.00,14.5,3,31,60
2024-11-12,29.9,20.5,0.00,0.00,0.0,37948.98,12.9,3,60,58
2024-11-13,30.3,22.0,0.00,0.00,0.0,33208.88,11.8,3,80,62
2024-11-14,29.5,21.9,1.00,1.00,7.0,13304.69,11.6,51,90,77
2024-11-15,30.6,21.6,1.40,1.40,4.0,39600.00,10.1,53,75,62
2024-11-16,30.6,21.7,0.00,0.00,0.0,39600.00,9.9,3,51,46
2024-11-17,29.5,20.4,0.00,0.00,0.0,39600.00,10.0,3,48,47
2024-11-18,28.5,19.9,0.00,0.00,0.0,39600.00,9.8,3,62,49
2024-11-19,28.3,19.0,0.00,0.00,0.0,39600.00,10.2,0,60,49
2024-11-20,28.1,18.8,0.00,0.00,0.0,39600.00,8.6,2,74,50
2024-11-21,28.3,19.2,0.00,0.00,0.0,39600.00,7.5,2,79,49
2024-11-22,28.5,19.1,0.00,0.00,0.0,39600.00,9.6,2,64,50
2024-11-23,28.3,19.0,0.00,0.00,0.0,39600.00,8.3,3,78,52
2024-11-24,28.4,19.0,0.00,0.00,0.0,39600.00,9.6,3,53,53
2024-11-25,27.5,18.6,0.00,0.00,0.0,39565.71,10.4,3,44,51
2024-11-26,28.8,18.5,0.00,0.00,0.0,39531.43,12.2,3,35,48
2024-11-27,27.5,18.5,0.00,0.00,0.0,39497.23,11.5,3,31,46
2024-11-28,26.9,18.0,0.00,0.00,0.0,37700.04,15.7,3,32,44
2024-11-29,29.0,17.9,0.00,0.00,0.0,36358.35,10.8,3,31,55
2024-11-30,29.0,21.1,0.00,0.00,0.0,29249.26,14.9,3,37,68
2024-12-01,28.0,21.9,3.00,3.00,11.0,25845.10,14.5,55,57,78
2024-12-02,27.2,21.3,3.20,3.20,13.0,16755.15,12.8,53,81,86
2024-12-03,27.4,21.4,2.50,2.50,13.0,28800.00,13.5,53,106,86
2024-12-04,28.2,21.8,0.50,0.50,5.0,38625.23,11.2,51,107,79
2024-12-05,27.4,21.1,12.20,12.20,7.0,22113.83,8.5,63,95,85
2024-12-06,29.1,21.2,3.10,3.10,8.0,36008.53,10.3,61,119,78
2024-12-07,30.0,21.1,1.40,1.40,5.0,28800.00,8.7,53,213,71
2024-12-08,28.6,21.8,1.10,1.10,8.0,29674.41,8.3,51,144,78
2024-12-09,27.8,21.1,1.00,1.00,7.0,38733.25,8.3,51,31,78
2024-12-10,28.2,18.9,0.60,0.60,3.0,32400.00,13.0,51,56,68
2024-12-11,27.1,17.7,0.00,0.00,0.0,37973.16,9.3,3,49,55
2024-12-12,27.4,17.5,0.00,0.00,0.0,37865.59,7.4,3,44,52
2024-12-13,26.9,17.8,0.00,0.00,0.0,38924.37,8.8,3,49,53
2024-12-14,26.6,17.3,0.00,0.00,0.0,38890.50,8.8,3,49,54
2024-12-15,26.5,15.9,0.00,0.00,0.0,38857.43,8.0,2,42,48
2024-12-16,27.0,15.4,0.00,0.00,0.0,38825.24,7.1,3,68,51
2024-12-17,27.5,15.2,0.00,0.00,0.0,38794.04,7.5,3,58,53
2024-12-18,28.0,16.6,0.00,0.00,0.0,38763.91,8.3,3,35,50
2024-12-19,28.9,18.5,0.00,0.00,0.0,35161.69,9.6,3,98,65
2024-12-20,29.4,20.2,0.00,0.00,0.0,28263.45,8.1,3,57,73
2024-12-21,29.9,20.0,0.00,0.00,0.0,32400.00,9.3,3,46,66
2024-12-22,28.5,20.1,0.00,0.00,0.0,32259.06,10.9,3,83,65
2024-12-23,28.5,19.8,0.00,0.00,0.0,38433.63,8.9,3,101,61
2024-12-24,28.5,21.0,0.00,0.00,0.0,36000.00,13.2,3,105,62
2024-12-25,27.7,20.0,0.20,0.20,2.0,31002.29,12.1,51,92,77
2024-12-26,25.9,20.6,0.50,0.50,5.0,20274.48,14.1,51,105,85
2024-12-27,26.4,19.1,1.80,1.80,5.0,27110.58,17.2,53,124,75
2024-12-28,27.9,18.8,0.00,0.00,0.0,38226.66,12.1,1,135,71
2024-12-29,28.9,19.2,0.00,0.00,0.0,37970.46,9.4,0,112,64
2024-12-30,30.0,19.4,0.00,0.00,0.0,38246.68,9.0,1,87,53
2024-12-31,28.7,19.9,0.00,0.00,0.0,38255.68,8.2,3,82,58
2025-01-01,28.5,19.0,0.00,0.00,0.0,37998.04,10.2,3,50,57
2025-01-02,28.1,18.6,0.00,0.00,0.0,36677.29,9.7,3,40,44
2025-01-03,28.9,18.1,0.00,0.00,0.0,38278.23,9.4,3,60,40
2025-01-04,28.9,17.0,0.00,0.00,0.0,38284.11,9.9,3,62,43
2025-01-05,28.1,16.4,0.00,0.00,0.0,38289.13,9.5,0,123,56
2025-01-06,27.5,17.6,0.00,0.00,0.0,38028.58,8.8,2,129,57
2025-01-07,28.5,18.0,0.00,0.00,0.0,37767.70,10.4,3,54,52
2025-01-08,27.1,17.7,0.00,0.00,0.0,37850.93,9.2,1,54,44
2025-01-09,25.8,17.0,0.00,0.00,0.0,37773.06,11.3,2,93,53
2025-01-10,26.4,17.3,0.00,0.00,0.0,37247.93,12.5,3,118,62
2025-01-11,26.8,17.8,0.00,0.00,0.0,37249.70,12.5,3,120,62
2025-01-12,27.7,18.0,0.00,0.00,0.0,33650.86,10.3,3,108,62
2025-01-13,28.6,19.0,0.00,0.00,0.0,35679.81,11.7,3,99,60
2025-01-14,28.5,18.4,0.00,0.00,0.0,37251.33,10.8,3,108,62
2025-01-15,28.0,18.7,0.00,0.00,0.0,31418.05,12.2,3,111,65
2025-01-16,28.2,18.9,0.00,0.00,0.0,36726.95,10.8,2,96,63
2025-01-17,28.4,18.9,0.00,0.00,0.0,36725.82,12.0,2,76,62
2025-01-18,26.9,18.5,0.00,0.00,0.0,33895.34,10.9,3,88,63
2025-01-19,29.3,19.0,0.00,0.00,0.0,37885.11,9.7,3,50,47
2025-01-20,29.5,19.1,0.00,0.00,0.0,38119.52,9.7,2,60,43
2025-01-21,30.5,18.2,0.00,0.00,0.0,38611.84,9.6,3,104,40
2025-01-22,30.0,18.5,0.00,0.00,0.0,38585.19,9.9,0,115,50
2025-01-23,29.6,18.5,0.00,0.00,0.0,38299.86,11.6,3,120,62
2025-01-24,30.5,18.8,0.00,0.00,0.0,38530.25,10.1,3,122,56
2025-01-25,31.3,18.3,0.00,0.00,0.0,38759.94,9.8,3,117,48
2025-01-26,30.1,19.5,0.00,0.00,0.0,38731.52,9.5,3,108,48
2025-01-27,31.2,19.1,0.00,0.00,0.0,38958.97,9.9,3,101,47
2025-01-28,31.0,19.2,0.00,0.00,0.0,38929.20,10.9,3,132,47
2025-01-29,30.5,19.6,0.00,0.00,0.0,38387.11,10.9,3,118,54
2025-01-30,31.0,19.2,0.00,0.00,0.0,39122.80,9.2,3,156,51
2025-01-31,32.3,19.6,0.00,0.00,0.0,39090.84,10.7,3,136,48
2025-02-01,32.2,21.0,0.00,0.00,0.0,39312.58,9.7,3,130,41
2025-02-02,32.3,21.3,0.00,0.00,0.0,38263.51,11.0,3,112,42
2025-02-03,32.2,20.7,0.00,0.00,0.0,39752.40,11.2,1,131,43
2025-02-04,33.1,20.0,0.00,0.00,0.0,39717.78,10.2,3,154,41
2025-02-05,33.3,22.0,0.00,0.00,0.0,38420.18,12.4,3,141,37
2025-02-06,32.3,21.5,0.00,0.00,0.0,39899.08,12.7,0,122,43
2025-02-07,32.0,21.9,0.00,0.00,0.0,35618.47,10.7,3,107,47
2025-02-08,32.2,22.1,0.00,0.00,0.0,39826.98,11.2,2,84,43
2025-02-09,31.5,22.0,0.00,0.00,0.0,40292.49,10.3,0,93,45
2025-02-10,32.2,21.4,0.00,0.00,0.0,40005.20,12.2,2,122,47
2025-02-11,33.7,21.5,0.00,0.00,0.0,39585.07,12.0,3,131,43
2025-02-12,34.3,22.0,0.00,0.00,0.0,40181.52,10.9,1,229,40
2025-02-13,33.5,21.5,0.00,0.00,0.0,41068.44,9.8,1,336,39
2025-02-14,32.8,21.1,0.00,0.00,0.0,41073.93,6.4,0,47,38
2025-02-15,32.9,20.5,0.00,0.00,0.0,41278.26,10.9,0,33,33
2025-02-16,33.5,20.4,0.00,0.00,0.0,41331.58,8.8,0,122,32
2025-02-17,34.3,21.4,0.00,0.00,0.0,41385.31,11.6,0,147,34
2025-02-18,34.7,21.9,0.00,0.00,0.0,41439.71,11.8,0,194,37
2025-02-19,34.0,23.0,0.00,0.00,0.0,40826.12,9.3,1,217,37
2025-02-20,33.9,23.4,0.50,0.50,1.0,40597.85,8.6,53,136,45
2025-02-21,32.8,23.2,0.00,0.00,0.0,41579.02,9.6,1,108,47
2025-02-22,33.8,22.2,0.00,0.00,0.0,41663.02,11.0,0,348,40
2025-02-23,33.2,23.0,0.00,0.00,0.0,41720.03,12.9,0,63,32
2025-02-24,32.3,21.7,0.00,0.00,0.0,41777.39,10.9,0,97,33
2025-02-25,31.8,21.0,0.00,0.00,0.0,41835.07,10.8,2,100,43
2025-02-26,31.8,21.6,0.00,0.00,0.0,41893.01,10.7,0,93,45
2025-02-27,32.3,21.6,0.00,0.00,0.0,41951.18,10.2,1,99,45
2025-02-28,32.5,21.6,0.00,0.00,0.0,42009.52,11.6,3,116,49
2025-03-01,32.8,21.5,0.00,0.00,0.0,42067.99,10.3,3,117,42
2025-03-02,34.5,22.5,0.00,0.00,0.0,39332.76,11.7,3,119,33
2025-03-03,35.6,23.5,0.00,0.00,0.0,42185.11,11.9,3,324,30
2025-03-04,36.0,22.8,0.00,0.00,0.0,40182.91,13.5,3,36,32
2025-03-05,33.7,21.9,0.00,0.00,0.0,42302.18,11.5,3,14,30
2025-03-06,32.5,21.0,0.00,0.00,0.0,42360.59,11.1,3,17,23
2025-03-07,33.3,19.2,0.00,0.00,0.0,42418.84,9.7,0,53,26
2025-03-08,35.8,19.8,0.00,0.00,0.0,42476.85,9.9,0,101,26
2025-03-09,34.7,21.7,0.00,0.00,0.0,42534.88,12.7,1,112,41
2025-03-10,32.6,20.6,0.00,0.00,0.0,41703.91,12.2,2,108,52
2025-03-11,33.6,22.0,0.00,0.00,0.0,42652.02,13.4,1,103,44
2025-03-12,35.8,22.4,0.00,0.00,0.0,42711.05,10.8,3,144,35
2025-03-13,37.6,23.6,0.00,0.00,0.0,41178.12,9.4,3,196,31
2025-03-14,37.3,25.5,0.00,0.00,0.0,42136.88,10.5,3,163,30
2025-03-15,37.4,26.0,0.00,0.00,0.0,42755.62,13.9,0,144,26
2025-03-16,37.2,25.3,0.00,0.00,0.0,42767.95,12.7,0,160,22
2025-03-17,37.6,24.9,0.00,0.00,0.0,39600.00,12.1,3,166,26
2025-03-18,37.0,25.9,0.00,0.00,0.0,42791.95,13.6,3,132,30
2025-03-19,36.0,22.6,0.00,0.00,0.0,42803.70,13.9,0,138,39
2025-03-20,35.3,22.0,0.00,0.00,0.0,42815.33,13.8,1,143,50
2025-03-21,35.8,22.4,0.00,0.00,0.0,41122.64,18.1,2,165,48
2025-03-22,33.8,23.0,0.50,0.50,2.0,40270.75,11.3,51,127,65
2025-03-23,32.2,22.8,0.10,0.10,1.0,42849.96,9.4,51,129,62
2025-03-24,33.2,22.8,0.00,0.00,0.0,42861.54,9.2,0,82,52
2025-03-25,34.5,23.0,0.00,0.00,0.0,42873.21,10.1,0,100,41
2025-03-26,36.2,24.0,0.00,0.00,0.0,42885.00,13.1,3,140,34
2025-03-27,37.5,25.0,0.00,0.00,0.0,42896.96,15.4,3,238,32
2025-03-28,37.8,26.0,0.00,0.00,0.0,42909.05,8.4,3,194,31
2025-03-29,37.6,26.2,0.00,0.00,0.0,36757.16,10.3,3,219,31
2025-03-30,38.0,26.5,0.00,0.00,0.0,42932.74,13.3,3,128,28
2025-03-31,37.0,24.6,0.00,0.00,0.0,42944.36,11.7,1,135,33
2025-04-01,35.2,23.8,0.00,0.00,0.0,42955.88,12.3,1,111,50
2025-04-02,32.8,23.3,0.10,0.10,1.0,42754.09,11.8,51,118,55
2025-04-03,30.2,21.5,11.60,11.60,10.0,32400.00,9.8,63,148,76
2025-04-04,30.5,21.4,0.70,0.70,1.0,41996.24,11.7,53,119,71
2025-04-05,32.5,23.5,0.00,0.00,0.0,43001.51,6.6,3,118,61
2025-04-06,34.5,23.1,0.00,0.00,0.0,43012.98,8.3,1,204,51
2025-04-07,36.0,23.8,0.00,0.00,0.0,43024.52,11.5,1,119,42
2025-04-08,35.6,23.9,0.10,0.10,1.0,39585.61,11.5,51,117,49
2025-04-09,36.8,23.8,0.00,0.00,0.0,41764.59,13.1,1,111,43
2025-04-10,37.1,25.4,0.00,0.00,0.0,43060.02,11.9,3,247,39
2025-04-11,37.0,24.2,0.00,0.00,0.0,43072.23,16.4,1,289,33
2025-04-12,37.1,25.1,0.00,0.00,0.0,43084.68,14.1,3,306,27
2025-04-13,37.0,25.0,0.00,0.00,0.0,43097.41,10.4,3,25,31
2025-04-14,36.9,24.9,0.00,0.00,0.0,43110.44,10.9,1,254,32
2025-04-15,36.2,24.5,0.00,0.00,0.0,43123.81,12.3,1,200,42
2025-04-16,36.2,24.2,0.00,0.00,0.0,42969.46,15.1,1,193,50
2025-04-17,35.9,25.1,0.30,0.30,2.0,43151.62,10.3,51,200,51
2025-04-18,37.2,25.6,0.00,0.00,0.0,41985.78,10.1,3,210,44
2025-04-19,35.3,26.7,1.70,1.70,2.0,38675.64,8.8,55,221,50
2025-04-20,37.8,27.0,0.00,0.00,0.0,42964.20,11.5,2,215,39
2025-04-21,37.8,26.7,0.10,0.10,1.0,41960.66,10.4,51,193,41
2025-04-22,38.5,27.7,0.10,0.10,1.0,43200.00,9.4,51,190,38
2025-04-23,38.3,28.0,0.00,0.00,0.0,43200.00,10.4,1,188,35
2025-04-24,38.7,27.8,0.00,0.00,0.0,42592.31,11.9,3,204,33
2025-04-25,38.4,28.1,0.00,0.00,0.0,39654.37,9.8,3,218,36
2025-04-26,37.5,27.0,0.00,0.00,0.0,42524.59,9.6,3,188,44
2025-04-27,32.9,24.6,8.20,8.20,4.0,28713.75,11.1,63,125,63
2025-04-28,37.0,24.9,0.00,0.00,0.0,43200.00,11.1,1,161,46
2025-04-29,36.9,25.0,0.00,0.00,0.0,38568.23,10.3,3,182,43
2025-04-30,38.4,25.1,0.00,0.00,0.0,43200.00,12.2,3,171,46
2025-05-01,37.9,25.3,0.00,0.00,0.0,43040.66,10.4,3,139,48
2025-05-02,38.7,25.5,0.00,0.00,0.0,43200.00,12.6,2,139,44
2025-05-03,38.5,26.1,0.00,0.00,0.0,43334.12,12.1,1,225,36
2025-05-04,38.5,24.0,0.00,0.00,0.0,43321.12,14.5,1,163,46
2025-05-05,37.5,23.9,0.00,0.00,0.0,43308.63,10.2,1,284,38
2025-05-06,36.8,24.9,0.00,0.00,0.0,42850.12,8.4,2,202,39
2025-05-07,36.0,24.8,0.80,0.80,1.0,42897.40,11.9,53,223,36
2025-05-08,35.2,25.2,0.00,0.00,0.0,42415.77,12.8,2,228,39
2025-05-09,35.6,25.0,0.00,0.00,0.0,42407.73,10.9,1,224,38
2025-05-10,36.5,26.7,0.00,0.00,0.0,43176.75,10.0,2,222,41
2025-05-11,37.5,26.8,0.20,0.20,2.0,42658.61,12.6,51,266,41
2025-05-12,37.0,26.1,0.00,0.00,0.0,43200.00,11.9,3,316,44
2025-05-13,36.5,25.5,0.10,0.10,1.0,42582.00,12.2,51,282,51
2025-05-14,36.9,24.8,2.60,2.60,4.0,36419.02,8.3,61,301,51
2025-05-15,33.6,22.8,9.00,9.00,5.0,38510.19,10.4,63,295,61
2025-05-16,35.5,25.0,0.30,0.30,2.0,36700.13,8.4,51,275,56
2025-05-17,34.9,25.3,0.60,0.60,3.0,39808.89,9.9,51,329,58
2025-05-18,35.2,23.5,7.80,7.80,9.0,38530.61,14.7,63,326,65
2025-05-19,34.0,23.8,2.80,2.80,6.0,31559.69,10.8,61,113,66
2025-05-20,34.5,24.8,3.50,3.50,9.0,37020.43,13.8,53,125,66
2025-05-21,30.1,23.9,24.80,24.80,23.0,28259.86,10.1,63,209,84
2025-05-22,30.8,23.6,3.40,3.40,11.0,27556.41,12.5,61,249,76
2025-05-23,31.5,24.0,0.80,0.80,4.0,36025.30,17.2,53,228,69
2025-05-24,31.0,23.2,1.60,1.60,9.0,31057.03,10.9,51,199,75
2025-05-25,30.4,23.1,2.70,2.70,7.0,39708.33,16.3,55,210,78
2025-05-26,28.8,23.5,1.90,1.90,7.0,18079.83,10.6,53,246,82
2025-05-27,30.7,23.4,1.50,1.50,5.0,31735.09,14.8,53,275,80
2025-05-28,28.0,23.6,4.10,4.10,15.0,12501.65,17.9,53,281,85
2025-05-29,30.9,23.5,5.70,5.70,16.0,4776.17,13.9,55,266,81
2025-05-30,32.2,23.8,0.00,0.00,0.0,41454.97,17.3,3,280,67
2025-05-31,33.5,24.5,0.00,0.00,0.0,43200.00,16.5,3,280,58
2025-06-01,33.0,24.3,0.20,0.20,2.0,43403.03,16.4,51,270,64
2025-06-02,31.9,24.0,1.30,1.30,7.0,36324.73,17.7,51,253,65
2025-06-03,31.8,24.0,0.00,0.00,0.0,36569.36,13.9,3,260,64
2025-06-04,33.0,23.9,0.30,0.30,2.0,43666.80,13.1,51,266,61
2025-06-05,32.5,23.9,0.50,0.50,1.0,39600.00,8.5,53,273,62
2025-06-06,33.8,23.8,0.20,0.20,1.0,37887.51,8.3,51,277,60
2025-06-07,35.3,25.5,0.00,0.00,0.0,43019.25,12.3,3,288,56
2025-06-08,35.1,24.7,0.60,0.60,1.0,40077.14,13.3,53,285,60
2025-06-09,28.6,24.6,6.20,6.20,7.0,8638.12,14.4,61,287,78
2025-06-10,31.5,24.6,1.80,1.80,4.0,30612.76,15.7,53,303,70
2025-06-11,30.1,22.8,6.50,6.50,7.0,25316.44,14.1,63,314,77
2025-06-12,31.1,22.6,5.90,5.90,7.0,33041.73,10.1,63,28,81
2025-06-13,32.0,24.1,1.40,1.40,10.0,42791.66,8.0,53,117,77
2025-06-14,31.4,24.1,1.20,1.20,9.0,41275.57,13.1,51,218,73
2025-06-15,30.9,23.8,5.30,5.30,9.0,42682.71,16.9,61,229,77
2025-06-16,30.1,24.1,1.60,1.60,3.0,36166.50,25.1,61,248,73
2025-06-17,31.8,24.0,0.10,0.10,1.0,40790.05,21.0,51,255,65
2025-06-18,31.4,23.6,0.20,0.20,2.0,37592.70,21.1,51,251,66
2025-06-19,31.5,24.1,2.30,2.30,2.0,30457.65,26.7,61,257,69
2025-06-20,31.5,24.0,0.20,0.20,1.0,28912.53,20.6,51,263,67
2025-06-21,32.5,23.7,0.30,0.30,3.0,41335.90,19.3,51,269,63
2025-06-22,33.0,23.6,1.00,1.00,6.0,42068.46,21.8,51,270,61
2025-06-23,31.7,24.0,0.50,0.50,3.0,17053.27,22.9,51,261,68
2025-06-24,29.4,23.4,12.40,12.40,10.0,15164.20,23.8,63,261,75
2025-06-25,28.9,23.0,13.40,13.40,16.0,13384.05,19.4,63,262,76
2025-06-26,30.0,22.8,3.60,3.60,4.0,27433.89,18.2,63,260,72
2025-06-27,30.4,23.3,1.60,1.60,4.0,33014.80,20.3,53,252,69
2025-06-28,32.0,23.4,0.30,0.30,1.0,33463.32,23.0,51,264,63
2025-06-29,32.0,23.8,1.50,1.50,6.0,32289.97,23.3,51,268,66
2025-06-30,30.5,22.8,11.30,11.30,14.0,12149.50,24.1,63,266,78
2025-07-01,28.0,22.6,8.80,8.80,19.0,5846.26,19.1,61,270,83
2025-07-02,27.8,22.6,3.10,3.10,9.0,3600.00,16.1,53,257,83
2025-07-03,27.6,23.4,1.80,1.80,6.0,13917.28,20.0,53,258,77
2025-07-04,29.9,23.5,11.50,11.50,5.0,31820.25,23.5,63,260,75
2025-07-05,29.9,23.5,2.90,2.90,7.0,27701.25,23.3,61,263,74
2025-07-06,30.8,23.2,3.30,3.30,7.0,25580.69,22.9,61,265,69
2025-07-07,28.9,23.2,2.10,2.10,9.0,15903.35,20.7,53,274,76
2025-07-08,29.8,23.2,1.70,1.70,9.0,38021.03,22.8,53,273,74
2025-07-09,29.9,23.1,0.60,0.60,6.0,33397.73,20.8,51,281,74
2025-07-10,31.4,22.9,0.70,0.70,6.0,42861.14,16.8,51,295,69
2025-07-11,31.6,23.5,0.30,0.30,2.0,43200.00,13.1,51,283,67
2025-07-12,32.2,23.7,1.30,1.30,4.0,43200.00,16.2,53,278,66
2025-07-13,32.0,24.4,0.00,0.00,0.0,43200.00,16.9,3,270,62
2025-07-14,32.3,24.1,1.20,1.20,6.0,41030.30,19.4,51,263,63
2025-07-15,31.1,24.0,2.70,2.70,5.0,32127.55,20.0,55,260,72
2025-07-16,32.2,23.0,7.90,7.90,10.0,36011.96,14.2,63,277,70
2025-07-17,31.2,22.8,8.80,8.80,10.0,41527.77,12.8,63,284,78
2025-07-18,31.1,22.6,7.10,7.10,8.0,34704.38,9.3,63,283,82
2025-07-19,30.2,22.5,8.50,8.50,7.0,36106.57,11.8,63,289,81
2025-07-20,29.5,23.5,2.40,2.40,9.0,29973.60,11.7,55,282,79
2025-07-21,30.3,23.0,2.70,2.70,7.0,24325.52,14.0,55,283,80
2025-07-22,29.0,23.0,6.20,6.20,16.0,25449.86,16.7,63,281,84
2025-07-23,27.5,23.0,8.30,8.30,23.0,8214.70,19.0,61,276,87
2025-07-24,25.6,22.8,7.60,7.60,17.0,26.38,18.1,55,269,87
2025-07-25,26.5,22.5,21.70,21.70,22.0,0.00,21.7,63,265,89
2025-07-26,24.5,22.7,17.20,17.20,21.0,0.00,22.8,63,259,89
2025-07-27,29.3,22.8,0.40,0.40,4.0,42031.10,27.1,51,262,72
2025-07-28,29.9,22.5,0.00,0.00,0.0,43200.00,27.2,3,267,69
2025-07-29,29.5,23.1,0.50,0.50,4.0,40240.10,27.2,51,268,71
2025-07-30,28.5,23.1,2.90,2.90,10.0,42386.09,22.1,55,265,78
2025-07-31,29.3,23.0,1.00,1.00,5.0,34040.05,20.6,51,272,74
2025-08-01,30.3,23.2,0.00,0.00,0.0,41790.13,18.2,3,280,73
2025-08-02,30.8,23.6,0.20,0.20,2.0,43200.00,11.9,51,290,72
2025-08-03,30.7,23.4,0.60,0.60,4.0,39600.00,9.2,51,296,77
2025-08-04,31.0,23.4,4.10,4.10,6.0,27538.53,6.2,63,309,80
2025-08-05,29.6,23.0,11.50,11.50,11.0,40483.96,9.6,63,67,79
2025-08-06,31.5,22.8,2.10,2.10,5.0,42147.29,6.3,61,331,79
2025-08-07,30.0,23.1,27.20,27.20,14.0,26629.67,7.6,63,322,83
2025-08-08,29.5,22.1,1.30,1.30,3.0,30476.01,7.2,53,294,80
2025-08-09,28.1,21.8,4.50,4.50,11.0,27034.51,9.8,61,291,86
2025-08-10,28.5,22.3,15.00,15.00,14.0,23787.04,11.7,63,283,86
2025-08-11,28.5,22.2,9.70,9.70,13.0,31494.60,14.9,63,285,84
2025-08-12,28.5,22.2,5.10,5.10,12.0,25424.36,16.4,55,289,83
2025-08-13,26.2,22.0,16.60,16.60,23.0,19215.71,17.3,61,283,89
2025-08-14,27.4,21.9,4.40,4.40,12.0,17170.80,15.4,61,269,85
2025-08-15,27.6,22.5,3.70,3.70,11.0,20162.17,18.1,61,278,85
2025-08-16,26.9,22.5,2.00,2.00,12.0,16216.46,21.2,51,281,85
2025-08-17,26.6,22.4,12.30,12.30,21.0,7200.00,20.2,61,267,88
2025-08-18,25.7,22.2,13.40,13.40,22.0,2967.66,23.4,61,271,88
2025-08-19,26.9,22.0,5.20,5.20,16.0,24065.58,25.5,55,262,84
2025-08-20,27.5,22.6,2.40,2.40,11.0,28921.20,21.8,53,254,82
2025-08-21,29.4,22.4,0.10,0.10,1.0,42088.62,20.8,51,260,75
2025-08-22,28.9,22.7,0.10,0.10,1.0,29399.80,19.1,51,268,75
2025-08-23,28.8,22.4,0.10,0.10,1.0,35945.60,20.9,51,265,74
2025-08-24,29.1,22.1,0.10,0.10,1.0,39281.06,21.1,51,265,71
2025-08-25,29.4,21.9,0.10,0.10,1.0,43005.67,21.0,51,272,72
2025-08-26,26.7,22.2,24.70,24.70,19.0,13363.67,18.3,63,272,87
2025-08-27,26.7,21.8,29.70,29.70,22.0,5901.95,16.5,63,275,91
2025-08-28,26.5,21.8,9.80,9.80,17.0,18856.12,19.3,61,268,89
2025-08-29,28.6,22.0,0.70,0.70,4.0,36992.37,18.2,51,252,80
2025-08-30,29.5,22.5,0.40,0.40,4.0,43066.08,17.8,51,256,78
2025-08-31,28.0,22.8,3.90,3.90,16.0,27788.04,16.2,53,278,85
2025-09-01,27.9,22.7,7.70,7.70,12.0,13921.07,18.3,63,283,82
2025-09-02,27.0,22.2,4.60,4.60,16.0,7927.83,21.0,61,285,85
2025-09-03,28.8,22.2,0.30,0.30,3.0,19903.34,16.7,51,288,78
2025-09-04,29.4,22.1,0.10,0.10,1.0,36323.93,18.7,51,261,75
2025-09-05,29.0,22.1,0.60,0.60,6.0,42786.91,15.8,51,253,76
2025-09-06,28.9,22.8,0.20,0.20,2.0,38547.28,13.9,51,266,79
2025-09-07,29.3,22.5,0.00,0.00,0.0,41926.74,13.6,3,268,72
2025-09-08,30.0,22.4,0.50,0.50,5.0,39987.95,9.7,51,278,72
2025-09-09,31.8,22.1,1.00,1.00,6.0,39600.00,9.7,51,297,66
2025-09-10,30.6,22.6,12.10,12.10,9.0,32146.02,10.4,63,311,80
2025-09-11,26.6,21.9,21.90,21.90,15.0,17770.31,14.7,63,312,88
2025-09-12,25.6,22.0,5.20,5.20,11.0,3844.20,12.8,63,316,89
2025-09-13,27.2,21.7,15.30,15.30,19.0,13769.51,9.6,63,290,90
2025-09-14,29.2,21.9,3.40,3.40,9.0,38263.43,10.5,53,266,85
2025-09-15,28.9,22.9,4.50,4.50,5.0,35753.90,13.4,61,253,84
2025-09-16,29.4,22.5,7.60,7.60,9.0,32728.30,10.1,63,250,86
2025-09-17,28.8,22.0,2.70,2.70,9.0,36186.12,10.0,53,207,85
2025-09-18,30.0,21.9,11.00,11.00,7.0,40741.95,9.1,63,218,84
2025-09-19,30.3,21.9,10.00,10.00,9.0,39368.71,11.2,63,248,82
2025-09-20,30.0,22.4,3.20,3.20,10.0,39908.98,11.6,53,297,82
2025-09-21,29.6,22.4,9.70,9.70,13.0,36378.35,11.7,61,291,84
2025-09-22,28.4,22.5,13.30,13.30,17.0,18518.45,11.6,61,306,87
2025-09-23,28.6,22.5,2.30,2.30,7.0,31762.17,16.8,53,291,85
2025-09-24,28.3,22.5,0.40,0.40,3.0,32205.84,19.1,51,296,79
2025-09-25,25.6,21.9,7.60,7.60,16.0,0.00,18.0,55,300,85
2025-09-26,27.6,21.6,16.50,16.50,21.0,9546.62,14.7,63,301,89
2025-09-27,25.0,21.8,8.90,8.90,15.0,0.00,15.4,55,263,90
2025-09-28,27.0,21.7,3.30,3.30,6.0,32400.00,19.2,61,239,83
2025-09-29,29.1,21.5,0.00,0.00,0.0,39600.00,14.8,3,265,76
2025-09-30,28.4,22.0,0.10,0.10,1.0,39600.00,15.3,51,279,77
2025-10-01,29.1,22.5,0.20,0.20,2.0,36946.53,16.4,51,281,75
2025-10-02,27.9,23.0,0.00,0.00,0.0,10669.61,13.3,3,283,79
2025-10-03,29.7,23.0,0.00,0.00,0.0,38767.03,15.9,3,282,75
2025-10-04,29.7,23.0,0.80,0.80,3.0,36509.53,11.6,53,283,79
2025-10-05,29.5,22.2,2.30,2.30,6.0,37023.01,12.4,55,297,81
2025-10-06,29.5,21.5,10.20,10.20,6.0,32269.73,12.2,63,296,82
2025-10-07,28.5,21.9,3.40,3.40,5.0,39600.00,9.1,61,321,82
2025-10-08,30.4,22.0,0.80,0.80,6.0,39600.00,9.5,51,351,75
2025-10-09,29.2,22.8,1.00,1.00,6.0,39600.00,8.4,51,4,71
2025-10-10,30.6,21.8,0.00,0.00,0.0,37549.80,9.7,3,340,59
2025-10-11,30.8,22.0,0.00,0.00,0.0,39600.00,12.9,3,5,56
2025-10-12,31.4,22.5,0.00,0.00,0.0,39600.00,9.4,3,27,57
2025-10-13,28.1,22.5,0.20,0.20,1.0,5302.16,10.4,51,32,75
2025-10-14,28.9,22.4,2.10,2.10,9.0,36664.54,12.5,53,93,83
2025-10-15,29.7,22.2,0.70,0.70,4.0,38438.16,13.0,51,99,74
2025-10-16,31.0,22.5,0.00,0.00,0.0,39600.00,13.9,3,92,65
2025-10-17,31.1,23.0,0.70,0.70,5.0,39600.00,14.0,51,83,63
2025-10-18,31.7,22.5,0.00,0.00,0.0,39600.00,11.2,1,70,59
2025-10-19,31.0,22.5,1.80,1.80,6.0,39600.00,13.8,53,85,73
2025-10-20,29.8,22.8,10.30,10.30,4.0,31969.10,9.4,65,104,74
2025-10-21,30.4,22.6,2.20,2.20,7.0,39285.55,14.7,53,100,77
2025-10-22,29.8,22.5,5.20,5.20,11.0,27191.45,15.5,63,99,81
2025-10-23,26.7,22.0,5.70,5.70,18.0,10606.63,17.3,55,99,90
2025-10-24,25.6,21.6,11.70,11.70,15.0,20917.71,10.3,65,111,91
2025-10-25,27.0,21.5,20.50,20.50,16.0,22530.54,10.0,65,121,89
2025-10-26,28.0,21.5,0.90,0.90,6.0,33232.12,10.9,51,118,83
2025-10-27,28.8,21.2,3.80,3.80,10.0,39229.77,10.2,55,150,80
2025-10-28,27.8,22.0,24.00,24.00,17.0,7200.00,16.2,63,318,89
2025-10-29,23.8,21.6,18.20,18.20,14.0,0.00,19.5,63,265,89
2025-10-30,28.4,20.9,0.00,0.00,0.0,30180.13,17.6,3,247,71
2025-10-31,28.5,21.0,0.00,0.00,0.0,39506.62,14.3,3,244,75
2025-11-01,28.7,22.3,0.20,0.20,2.0,39600.00,9.0,51,267,81
2025-11-02,29.1,22.5,0.30,0.30,3.0,39600.00,13.8,51,297,81
2025-11-03,28.8,22.2,1.00,1.00,5.0,39600.00,12.6,51,302,82
2025-11-04,28.2,21.7,1.60,1.60,7.0,32806.70,9.5,53,309,86
2025-11-05,29.6,21.6,0.00,0.00,0.0,39600.00,9.7,3,350,70
2025-11-06,28.7,21.5,0.00,0.00,0.0,35463.99,8.5,3,20,64
2025-11-07,29.5,20.5,0.00,0.00,0.0,39600.00,9.9,3,5,56
2025-11-08,28.9,18.5,0.00,0.00,0.0,39600.00,8.9,3,349,51
2025-11-09,28.0,18.3,0.00,0.00,0.0,39600.00,8.3,0,13,53
2025-11-10,28.8,18.0,0.00,0.00,0.0,39600.00,6.2,1,356,50
2025-11-11,29.2,19.1,0.00,0.00,0.0,39600.00,9.7,1,4,49
2025-11-12,29.5,19.1,0.00,0.00,0.0,39600.00,9.3,0,28,47
2025-11-13,29.0,17.2,0.00,0.00,0.0,39600.00,9.8,0,17,45
2025-11-14,28.1,16.4,0.00,0.00,0.0,39600.00,8.9,1,51,53
2025-11-15,27.8,16.7,0.00,0.00,0.0,39600.00,8.4,3,72,50
2025-11-16,27.9,17.0,0.00,0.00,0.0,39600.00,9.8,3,34,46
2025-11-17,27.6,17.4,0.00,0.00,0.0,39600.00,10.7,3,45,44
2025-11-18,29.1,17.2,0.00,0.00,0.0,39600.00,7.0,3,42,47
2025-11-19,29.0,17.4,0.00,0.00,0.0,39600.00,8.3,0,18,48
2025-11-20,28.9,16.5,0.00,0.00,0.0,39600.00,8.7,0,56,49
2025-11-21,29.6,18.5,0.00,0.00,0.0,39600.00,10.8,3,85,59
2025-11-22,30.5,20.8,0.00,0.00,0.0,39600.00,10.5,3,109,63
2025-11-23,31.2,21.0,0.00,0.00,0.0,39600.00,8.8,3,89,59
2025-11-24,30.1,20.1,0.00,0.00,0.0,39600.00,9.7,3,84,54
2025-11-25,29.3,19.5,0.00,0.00,0.0,34527.96,9.7,3,94,60
2025-11-26,29.0,19.0,0.00,0.00,0.0,32400.00,11.3,3,93,62
2025-11-27,28.5,18.7,0.00,0.00,0.0,39253.30,11.1,3,62,62
2025-11-28,28.1,17.7,0.00,0.00,0.0,39472.11,11.1,3,42,50
2025-11-29,27.0,17.2,0.00,0.00,0.0,37452.18,9.8,3,50,51
2025-11-30,26.9,19.2,0.00,0.00,0.0,25413.31,9.6,3,63,56
2025-12-01,28.2,19.5,0.20,0.20,1.0,38025.48,10.1,51,79,61
2025-12-02,28.8,19.0,0.00,0.00,0.0,31905.71,12.4,3,62,58
2025-12-03,28.5,20.2,0.00,0.00,0.0,35846.72,10.2,3,71,62
2025-12-04,28.4,20.4,0.10,0.10,1.0,38155.10,9.4,51,77,60
2025-12-05,28.2,18.6,0.00,0.00,0.0,39215.29,11.6,3,51,50
2025-12-06,28.3,17.9,0.00,0.00,0.0,39178.84,9.2,3,65,49
2025-12-07,29.1,17.9,0.00,0.00,0.0,39142.71,10.6,3,52,44
2025-12-08,28.9,17.3,0.00,0.00,0.0,39106.99,11.1,2,39,38
2025-12-09,28.8,17.5,0.00,0.00,0.0,39071.76,13.5,0,43,35
2025-12-10,28.6,17.4,0.00,0.00,0.0,39037.12,12.3,2,42,35
2025-12-11,28.2,16.5,0.00,0.00,0.0,39003.14,9.9,1,37,32
2025-12-12,28.1,15.2,0.00,0.00,0.0,38969.91,8.8,0,42,37
2025-12-13,28.3,15.1,0.00,0.00,0.0,38937.52,9.2,0,59,42
2025-12-14,28.2,16.4,0.00,0.00,0.0,38905.38,8.5,3,70,46
2025-12-15,27.7,16.7,0.00,0.00,0.0,38873.07,8.3,3,75,51
2025-12-16,27.9,17.0,0.00,0.00,0.0,38840.70,8.0,2,91,54
2025-12-17,29.2,17.4,0.00,0.00,0.0,38808.36,9.2,0,45,46
2025-12-18,29.0,17.1,0.00,0.00,0.0,38776.15,10.3,3,30,38
2025-12-19,27.5,16.8,0.00,0.00,0.0,38744.16,10.3,3,31,37
2025-12-20,27.3,15.8,0.00,0.00,0.0,38712.48,9.8,3,44,46
2025-12-21,27.0,14.8,0.00,0.00,0.0,38681.22,8.3,3,70,52
2025-12-22,27.5,16.4,0.00,0.00,0.0,38650.46,8.3,3,62,49
2025-12-23,27.5,15.6,0.00,0.00,0.0,38620.30,10.1,3,48,47
2025-12-24,27.0,17.0,0.00,0.00,0.0,38590.82,8.6,3,71,48
2025-12-25,26.8,16.6,0.00,0.00,0.0,38562.14,8.3,0,96,49
2025-12-26,26.5,16.1,0.00,0.00,0.0,38534.33,8.7,0,82,52
2025-12-27,26.9,16.1,0.00,0.00,0.0,38507.49,8.0,0,83,53
2025-12-28,26.8,16.2,0.00,0.00,0.0,38481.71,8.0,0,78,52
2025-12-29,26.5,16.5,0.00,0.00,0.0,38457.09,8.0,3,81,51
2025-12-30,28.0,16.1,0.00,0.00,0.0,38433.71,5.1,3,148,51
2025-12-31,28.3,16.7,0.00,0.00,0.0,38411.67,9.4,3,162,54
2026-01-01,29.0,18.1,0.00,0.00,0.0,37996.54,13.6,3,120,63
2026-01-02,28.9,18.8,0.00,0.00,0.0,36213.84,10.1,3,104,62
2026-01-03,27.5,18.5,0.00,0.00,0.0,30637.13,10.7,3,111,62
2026-01-04,26.6,18.0,0.00,0.00,0.0,37750.01,10.7,3,84,57
2026-01-05,26.8,17.5,0.00,0.00,0.0,37755.32,9.9,1,72,52
2026-01-06,26.6,17.0,0.00,0.00,0.0,38024.81,10.5,3,71,51
2026-01-07,26.5,16.5,0.00,0.00,0.0,38134.29,11.3,3,82,46
2026-01-08,26.0,16.2,0.00,0.00,0.0,37853.86,10.3,3,77,44
2026-01-09,25.3,16.2,0.00,0.00,0.0,37770.66,11.6,3,61,41
2026-01-10,25.5,17.1,0.00,0.00,0.0,32425.32,10.8,3,84,37
2026-01-11,25.5,16.6,0.00,0.00,0.0,29362.04,9.7,3,96,42
2026-01-12,26.5,18.8,0.00,0.00,0.0,37256.66,10.2,1,105,48
2026-01-13,29.5,19.0,0.00,0.00,0.0,37251.29,9.6,2,111,56
2026-01-14,29.6,19.7,0.20,0.20,2.0,36989.73,8.5,51,159,52
2026-01-15,28.8,20.0,0.00,0.00,0.0,36989.96,8.3,3,84,54
2026-01-16,28.6,18.9,0.00,0.00,0.0,37959.53,8.4,3,78,46
2026-01-17,29.6,17.5,0.00,0.00,0.0,38198.11,8.7,2,74,40
2026-01-18,30.1,17.0,0.00,0.00,0.0,38434.65,7.9,0,162,38
2026-01-19,29.7,17.6,0.00,0.00,0.0,38151.12,11.1,0,130,47
2026-01-20,28.4,18.0,0.00,0.00,0.0,37867.29,11.2,1,104,48
2026-01-21,27.2,17.7,0.00,0.00,0.0,37495.54,11.7,2,108,52
2026-01-22,27.0,17.4,0.00,0.00,0.0,37818.51,11.6,1,124,49
2026-01-23,26.8,17.6,0.00,0.00,0.0,38309.06,11.6,0,116,49
2026-01-24,28.1,17.5,0.00,0.00,0.0,36805.36,11.2,3,123,58
2026-01-25,28.6,19.1,0.00,0.00,0.0,37225.73,9.6,2,123,56
2026-01-26,28.7,19.6,0.00,0.00,0.0,34487.43,10.9,3,127,56
2026-01-27,28.6,19.5,0.00,0.00,0.0,37195.11,10.5,3,127,52
2026-01-28,30.1,19.0,0.00,0.00,0.0,32519.47,9.7,3,110,53
2026-01-29,29.2,19.4,0.00,0.00,0.0,37389.51,10.7,3,98,54
2026-01-30,28.5,19.0,0.00,0.00,0.0,33984.52,10.7,3,105,55
2026-01-31,27.6,18.1,0.00,0.00,0.0,37664.48,10.9,3,108,55
2026-02-01,27.6,17.8,0.00,0.00,0.0,38301.39,10.4,3,103,59
2026-02-02,28.1,18.1,0.00,0.00,0.0,38777.55,11.5,2,104,59
2026-02-03,28.0,18.3,0.00,0.00,0.0,33125.38,11.5,3,108,59
2026-02-04,28.1,18.4,0.00,0.00,0.0,37952.71,11.2,2,103,56
2026-02-05,28.4,18.5,0.00,0.00,0.0,39183.83,9.2,1,100,54
2026-02-06,28.8,18.9,0.00,0.00,0.0,39653.91,9.9,0,83,49
2026-02-07,29.4,18.5,0.00,0.00,0.0,40374.15,10.3,0,42,40
2026-02-08,29.5,19.2,0.00,0.00,0.0,40776.89,10.6,3,55,32
2026-02-09,30.0,18.9,0.00,0.00,0.0,40552.63,11.1,3,73,34
2026-02-10,30.0,18.6,0.00,0.00,0.0,40968.89,10.7,3,87,42
2026-02-11,29.5,18.2,0.00,0.00,0.0,40974.28,11.2,1,105,51
2026-02-12,29.6,18.2,0.00,0.00,0.0,40813.66,11.5,3,110,46
2026-02-13,30.2,18.6,0.00,0.00,0.0,41069.59,10.4,3,122,41
2026-02-14,30.5,19.2,0.00,0.00,0.0,41207.83,9.5,3,95,38
2026-02-15,31.1,18.8,0.00,0.00,0.0,41261.59,10.3,3,66,39
2026-02-16,30.7,20.6,0.00,0.00,0.0,41315.97,11.5,0,105,39
2026-02-17,30.0,19.6,0.00,0.00,0.0,40791.74,11.2,1,119,45
2026-02-18,29.4,18.8,0.00,0.00,0.0,41426.32,10.9,0,126,47
2026-02-19,30.0,19.8,0.00,0.00,0.0,41331.31,11.8,0,118,47
2026-02-20,31.0,19.5,0.00,0.00,0.0,41538.46,11.8,3,114,49
2026-02-21,31.5,20.9,0.00,0.00,0.0,40864.71,10.8,3,120,46
2026-02-22,31.9,21.8,0.00,0.00,0.0,28744.50,12.1,3,114,49
2026-02-23,31.4,19.5,5.00,5.00,5.0,37673.63,12.5,61,90,62
2026-02-24,28.9,19.9,0.60,0.60,2.0,38518.43,8.4,53,127,65
2026-02-25,29.0,20.6,0.00,0.00,0.0,40709.94,6.4,2,111,60
2026-02-26,29.6,20.4,0.00,0.00,0.0,41143.78,8.1,2,133,58
2026-02-27,30.4,21.5,0.00,0.00,0.0,35021.92,10.4,3,175,54
2026-02-28,31.5,20.8,0.00,0.00,0.0,41996.75,9.4,3,182,50
2026-03-01,32.7,21.8,0.00,0.00,0.0,39838.26,10.8,3,220,46
2026-03-02,34.1,22.9,0.00,0.00,0.0,37786.42,11.3,3,108,44
2026-03-03,34.1,22.0,0.00,0.00,0.0,42169.10,10.8,0,68,39
2026-03-04,33.6,20.9,0.00,0.00,0.0,42226.50,12.1,0,43,34
2026-03-05,34.5,21.0,0.00,0.00,0.0,42284.34,11.1,0,6,29
2026-03-06,35.1,21.9,0.00,0.00,0.0,42342.58,9.4,0,11,27
2026-03-07,35.2,21.6,0.00,0.00,0.0,42401.18,11.0,0,64,31
2026-03-08,34.5,22.5,0.00,0.00,0.0,42460.08,11.5,0,61,41
2026-03-09,33.7,22.8,0.00,0.00,0.0,42519.26,12.9,0,99,54
2026-03-10,32.5,22.4,0.00,0.00,0.0,42578.66,11.5,0,117,49
2026-03-11,34.3,22.1,0.00,0.00,0.0,42638.23,13.1,0,123,37
2026-03-12,35.3,21.0,0.00,0.00,0.0,42697.95,11.4,0,99,32
2026-03-13,36.0,23.5,0.00,0.00,0.0,42724.65,14.6,0,109,32
2026-03-14,35.5,23.2,0.00,0.00,0.0,39275.47,12.6,3,148,39
2026-03-15,33.9,22.8,0.00,0.00,0.0,36016.06,14.7,3,180,40
2026-03-16,33.3,23.0,0.30,0.30,2.0,40349.60,13.9,51,158,44
2026-03-17,31.0,20.5,2.80,2.80,4.0,35918.72,15.1,55,173,53
2026-03-18,27.8,20.4,1.40,1.40,4.0,30464.74,13.7,53,102,64
2026-03-19,30.4,19.8,0.00,0.00,0.0,40745.53,12.2,3,126,58
2026-03-20,30.8,20.0,0.00,0.00,0.0,42812.18,7.9,1,115,52
2026-03-21,32.5,22.0,0.10,0.10,1.0,38722.64,9.4,51,142,56
2026-03-22,31.4,22.5,0.60,0.60,4.0,41841.20,10.5,51,101,57
2026-03-23,34.0,23.6,0.00,0.00,0.0,42799.84,9.7,2,125,48
2026-03-24,33.7,23.9,0.70,0.70,4.0,38177.21,7.8,51,218,53
2026-03-25,33.5,24.0,0.10,0.10,1.0,39636.36,9.0,51,176,49
2026-03-26,35.1,24.1,0.00,0.00,0.0,42885.11,10.4,2,125,43
2026-03-27,35.5,23.9,0.00,0.00,0.0,42295.77,11.5,3,251,40
2026-03-28,35.2,25.2,0.00,0.00,0.0,38198.71,15.0,3,249,36
2026-03-29,36.5,25.2,0.00,0.00,0.0,42769.75,10.0,2,353,33
2026-03-30,36.2,23.2,1.60,1.60,2.0,30641.05,12.1,61,161,45
2026-03-31,32.0,23.3,0.20,0.20,1.0,42278.90,15.1,51,97,55
2026-04-01,33.5,23.9,0.00,0.00,0.0,42952.17,12.3,1,124,50
2026-04-02,33.5,23.6,0.00,0.00,0.0,42963.20,10.4,3,117,45
2026-04-03,34.9,24.4,0.00,0.00,0.0,41300.71,10.5,3,163,40
2026-04-04,34.6,26.3,0.10,0.10,1.0,40313.59,10.3,51,309,39
2026-04-05,33.8,26.3,2.30,2.30,6.0,42352.93,8.5,53,326,43
2026-04-06,34.7,25.0,0.00,0.00,0.0,43008.22,15.4,1,272,32
2026-04-07,34.5,24.6,0.00,0.00,0.0,43019.89,12.4,0,324,29
2026-04-08,35.5,25.2,0.00,0.00,0.0,43031.79,13.0,0,311,29
2026-04-09,36.3,25.9,0.00,0.00,0.0,43043.95,15.9,2,316,33
2026-04-10,36.8,25.6,0.00,0.00,0.0,43056.42,12.2,2,26,34
2026-04-11,37.9,26.2,0.00,0.00,0.0,43069.23,10.7,1,84,37
2026-04-12,38.2,27.2,0.00,0.00,0.0,38764.84,12.8,3,148,38
2026-04-13,37.3,27.4,0.00,0.00,0.0,43095.62,13.6,1,197,37
2026-04-14,38.3,27.5,0.00,0.00,0.0,41995.11,11.6,2,189,35
2026-04-15,38.5,27.7,0.00,0.00,0.0,43122.45,12.4,1,208,33
2026-04-16,38.4,27.4,0.00,0.00,0.0,40522.61,11.8,3,187,39
2026-04-17,39.5,27.7,0.00,0.00,0.0,37046.00,9.5,3,167,36
2026-04-18,39.0,27.1,0.00,0.00,0.0,42783.06,9.9,3,170,40
2026-04-19,38.2,26.6,0.00,0.00,0.0,41738.09,11.4,3,276,38
2026-04-20,37.1,26.6,0.00,0.00,0.0,37398.48,10.3,3,80,35
2026-04-21,36.5,26.3,0.20,0.20,1.0,39600.00,13.7,51,268,44
2026-04-22,37.8,26.5,0.00,0.00,0.0,42669.56,11.6,3,125,36
2026-04-23,37.3,26.9,0.00,0.00,0.0,43200.00,11.3,3,41,36
2026-04-24,37.7,26.4,0.00,0.00,0.0,43200.00,9.1,3,173,34
2026-04-25,38.2,26.9,0.00,0.00,0.0,43209.72,11.4,3,147,36
2026-04-26,37.7,27.9,0.00,0.00,0.0,41232.43,12.9,3,195,36
2026-04-27,39.1,27.6,0.00,0.00,0.0,42738.28,11.8,3,227,35
2026-04-28,39.3,27.3,0.00,0.00,0.0,40960.48,12.2,3,233,38
2026-04-29,39.3,28.0,0.00,0.00,0.0,39575.41,11.8,3,234,32
2026-04-30,38.8,28.5,0.00,0.00,0.0,43200.00,12.3,1,284,26
2026-05-01,37.9,27.3,0.00,0.00,0.0,43364.43,13.8,0,276,28
2026-05-02,38.8,28.2,0.00,0.00,0.0,43350.88,13.7,3,272,25
2026-05-03,38.8,26.6,0.00,0.00,0.0,43337.80,13.5,3,352,32
2026-05-04,38.8,26.1,0.00,0.00,0.0,43325.10,12.4,1,211,33
2026-05-05,38.2,25.5,0.00,0.00,0.0,42123.94,13.6,3,151,39
2026-05-06,35.8,25.5,0.00,0.00,0.0,37469.32,14.2,3,112,49
2026-05-07,35.2,25.4,0.20,0.20,2.0,42068.45,11.4,51,108,49
2026-05-08,34.8,25.3,0.00,0.00,0.0,38298.03,13.1,3,116,52
2026-05-09,34.7,24.7,0.00,0.00,0.0,43519.35,10.3,3,107,50
2026-05-10,36.2,24.7,0.20,0.20,2.0,41589.55,12.3,51,119,50
2026-05-11,36.7,25.0,0.00,0.00,0.0,43499.85,13.5,3,126,47
2026-05-12,36.5,26.1,2.00,2.00,6.0,42076.94,11.0,53,137,50
2026-05-13,36.8,26.5,1.50,1.50,7.0,41159.01,10.0,53,169,45
2026-05-14,36.8,28.5,0.40,0.40,3.0,31851.91,10.5,51,155,46
2026-05-15,37.4,27.5,0.10,0.10,1.0,39751.19,9.8,51,314,40
2026-05-16,37.7,28.0,1.00,1.00,2.0,42277.34,14.1,53,144,47
2026-05-17,36.5,27.6,0.40,0.40,2.0,41431.97,12.1,51,138,48
2026-05-18,36.7,27.9,0.60,0.60,3.0,43200.00,13.2,51,144,46
2026-05-19,37.9,28.0,0.30,0.30,2.0,41575.70,11.3,51,246,45
2026-05-20,38.5,28.1,0.30,0.30,2.0,42766.97,13.3,51,262,40
2026-05-21,40.0,29.3,0.00,0.00,0.0,42726.73,15.5,2,284,37
2026-05-22,36.8,29.2,0.20,0.20,2.0,42269.51,19.5,51,273,49
2026-05-23,37.2,27.9,0.80,0.80,1.0,43676.66,17.7,53,290,46
2026-05-24,37.7,26.5,0.00,0.00,0.0,43673.41,18.4,2,291,43
2026-05-25,37.1,25.1,3.00,3.00,7.0,43142.20,14.7,55,286,46
2026-05-26,36.9,27.8,3.20,3.20,7.0,41681.60,14.5,55,275,47
